Date,BBAS3,SANB3,B3SA3,PETR4,SAPR3,BOVA1,PETZ3
2020-09-15,31.989999771118164,13.4399995803833,19.093332290649414,21.670000076293945,5.550000190734863,96.45999908447266,15.5
2020-09-16,32.09000015258789,13.369999885559082,19.00666618347168,21.729999542236328,5.630000114440918,95.91000366210938,15.449999809265137
2020-09-17,32.150001525878906,13.210000038146973,18.893333435058594,22.149999618530273,5.639999866485596,96.37000274658203,15.600000381469727
2020-09-18,31.34000015258789,12.989999771118164,18.709999084472656,21.649999618530273,5.5,94.63999938964844,15.239999771118164
2020-09-21,30.8799991607666,12.970000267028809,18.700000762939453,20.899999618530273,5.449999809265137,93.4000015258789,14.949999809265137
2020-09-22,30.81999969482422,13.039999961853027,19.1200008392334,20.799999237060547,5.480000019073486,93.66999816894531,15.5
2020-09-23,30.18000030517578,12.699999809265137,18.6299991607666,20.229999542236328,5.460000038146973,92.16999816894531,14.800000190734863
2020-09-24,30.420000076293945,12.789999961853027,19.656665802001953,20.399999618530273,5.550000190734863,93.30000305175781,15.229999542236328
2020-09-25,30.299999237060547,12.770000457763672,19.116666793823242,20.1299991607666,5.46999979019165,93.5,15.0
2020-09-28,30.510000228881836,12.920000076293945,18.336666107177734,19.6299991607666,5.289999961853027,91.19999694824219,14.699999809265137
2020-09-29,29.760000228881836,12.789999961853027,17.883333206176758,19.309999465942383,5.260000228881836,89.91999816894531,14.300000190734863
2020-09-30,29.6200008392334,13.050000190734863,18.336666107177734,19.610000610351562,5.199999809265137,91.05000305175781,14.300000190734863
2020-10-01,29.790000915527344,12.920000076293945,18.176666259765625,19.850000381469727,5.179999828338623,91.91000366210938,14.899999618530273
2020-10-02,29.709999084472656,13.229999542236328,17.753332138061523,19.020000457763672,5.099999904632568,90.11000061035156,14.520000457763672
2020-10-05,30.229999542236328,13.210000038146973,18.583332061767578,20.030000686645508,5.099999904632568,92.63999938964844,14.0
2020-10-06,30.030000686645508,13.4399995803833,17.920000076293945,19.93000030517578,5.130000114440918,92.02999877929688,14.0
2020-10-07,29.809999465942383,13.460000038146973,17.90333366394043,19.790000915527344,5.150000095367432,91.94999694824219,14.380000114440918
2020-10-08,31.25,14.470000267028809,18.28333282470703,20.440000534057617,5.139999866485596,94.2699966430664,14.229999542236328
2020-10-09,31.040000915527344,14.729999542236328,18.236665725708008,19.799999237060547,5.190000057220459,93.6500015258789,14.699999809265137
2020-10-13,31.049999237060547,14.739999771118164,18.266666412353516,20.1299991607666,5.230000019073486,94.80000305175781,15.199999809265137
2020-10-14,30.850000381469727,14.949999809265137,18.793333053588867,19.969999313354492,5.349999904632568,95.58999633789062,15.460000038146973
2020-10-15,31.059999465942383,14.649999618530273,18.536666870117188,19.75,5.269999980926514,95.33999633789062,15.850000381469727
2020-10-16,30.270000457763672,14.40999984741211,18.113332748413086,19.329999923706055,5.190000057220459,94.54000091552734,15.970000267028809
2020-10-19,30.600000381469727,14.449999809265137,18.713333129882812,19.520000457763672,5.130000114440918,95.0,15.699999809265137
2020-10-20,32.0099983215332,14.670000076293945,19.299999237060547,20.18000030517578,5.130000114440918,96.66999816894531,16.350000381469727
2020-10-21,32.25,14.880000114440918,19.123332977294922,20.15999984741211,5.079999923706055,96.6500015258789,16.5
2020-10-22,33.650001525878906,15.489999771118164,18.690000534057617,20.84000015258789,5.110000133514404,98.05999755859375,16.540000915527344
2020-10-23,33.529998779296875,15.75,18.266666412353516,20.56999969482422,5.139999866485596,97.44000244140625,16.549999237060547
2020-10-26,33.5,15.970000267028809,18.3266658782959,20.25,5.199999809265137,97.2300033569336,16.989999771118164
2020-10-27,32.779998779296875,15.350000381469727,17.583332061767578,19.8799991607666,5.119999885559082,95.68000030517578,17.530000686645508
2020-10-28,31.139999389648438,14.699999809265137,17.110000610351562,18.670000076293945,4.849999904632568,91.55999755859375,17.200000762939453
2020-10-29,30.959999084472656,15.25,17.65999984741211,19.290000915527344,4.889999866485596,92.80000305175781,18.0
2020-10-30,29.799999237060547,14.600000381469727,17.016666412353516,18.940000534057617,4.78000020980835,90.66000366210938,17.75
2020-11-03,30.100000381469727,14.960000038146973,16.989999771118164,19.649999618530273,4.869999885559082,92.26000213623047,18.56999969482422
2020-11-04,30.31999969482422,14.770000457763672,18.03333282470703,19.719999313354492,5.0,94.16000366210938,18.90999984741211
2020-11-05,30.690000534057617,15.069999694824219,18.8700008392334,19.889999389648438,5.239999771118164,96.94999694824219,18.59000015258789
2020-11-06,30.489999771118164,14.90999984741211,18.873332977294922,19.75,5.239999771118164,97.19000244140625,18.149999618530273
2020-11-09,32.70000076293945,15.850000381469727,17.950000762939453,21.610000610351562,5.28000020980835,99.5,18.0
2020-11-10,34.369998931884766,16.950000762939453,18.03333282470703,23.079999923706055,5.28000020980835,101.0,17.649999618530273
2020-11-11,34.15999984741211,16.469999313354492,18.466665267944336,22.8799991607666,5.210000038146973,100.88999938964844,17.510000228881836
2020-11-12,32.72999954223633,15.949999809265137,17.926666259765625,21.90999984741211,4.96999979019165,98.69999694824219,18.079999923706055
2020-11-13,33.04999923706055,16.459999084472656,17.899999618530273,22.6299991607666,4.96999979019165,100.83000183105469,19.0
2020-11-16,33.900001525878906,17.639999389648438,17.799999237060547,23.290000915527344,5.070000171661377,102.51000213623047,18.75
2020-11-17,34.20000076293945,18.049999237060547,17.850000381469727,23.690000534057617,5.070000171661377,103.0999984741211,18.469999313354492
2020-11-18,34.279998779296875,17.739999771118164,18.016666412353516,23.549999237060547,5.010000228881836,101.91999816894531,18.0
2020-11-19,34.619998931884766,18.049999237060547,18.440000534057617,23.81999969482422,5.03000020980835,102.7300033569336,18.389999389648438
2020-11-23,34.52000045776367,18.149999618530273,18.030000686645508,25.100000381469727,5.070000171661377,103.27999877929688,19.079999923706055
2020-11-24,35.439998626708984,18.700000762939453,18.566665649414062,26.219999313354492,5.090000152587891,105.72000122070312,18.670000076293945
2020-11-25,35.34000015258789,18.260000228881836,18.8700008392334,26.25,5.059999942779541,105.83000183105469,18.600000381469727
2020-11-26,34.779998779296875,18.170000076293945,19.0,25.81999969482422,5.210000038146973,106.0199966430664,19.0
2020-11-27,34.61000061035156,18.149999618530273,18.966665267944336,25.5,5.239999771118164,106.44000244140625,19.25
2020-11-30,33.86000061035156,17.84000015258789,18.709999084472656,24.899999618530273,5.110000133514404,105.0,19.0
2020-12-01,34.790000915527344,18.75,18.926666259765625,25.600000381469727,5.489999771118164,107.05000305175781,18.170000076293945
2020-12-02,34.939998626708984,18.950000762939453,19.866666793823242,25.90999984741211,5.630000114440918,107.75,18.690000534057617
2020-12-03,35.2400016784668,19.010000228881836,19.6299991607666,26.639999389648438,5.730000019073486,108.1500015258789,18.75
2020-12-04,35.97999954223633,19.3799991607666,19.59000015258789,27.530000686645508,5.699999809265137,109.43000030517578,18.8799991607666
2020-12-07,36.150001525878906,20.06999969482422,19.486665725708008,27.0,5.610000133514404,109.30999755859375,17.950000762939453
2020-12-08,36.459999084472656,20.18000030517578,19.373332977294922,26.65999984741211,5.650000095367432,109.44000244140625,18.200000762939453
2020-12-09,35.959999084472656,19.979999542236328,18.883333206176758,26.940000534057617,5.739999771118164,108.7699966430664,17.850000381469727
2020-12-10,37.83000183105469,20.25,19.40333366394043,27.81999969482422,5.619999885559082,110.69999694824219,17.450000762939453
2020-12-11,38.4900016784668,20.709999084472656,19.613332748413086,27.56999969482422,5.670000076293945,110.79000091552734,17.709999084472656
2020-12-14,38.5,20.68000030517578,19.426666259765625,27.6200008392334,5.619999885559082,110.19999694824219,17.959999084472656
2020-12-15,38.9900016784668,20.780000686645508,19.626665115356445,27.850000381469727,5.550000190734863,111.76000213623047,18.100000381469727
2020-12-16,39.349998474121094,21.170000076293945,20.183332443237305,28.190000534057617,5.5,113.3499984741211,17.989999771118164
2020-12-17,39.38999938964844,20.8700008392334,20.149999618530273,28.239999771118164,5.570000171661377,113.98999786376953,18.200000762939453
2020-12-18,39.099998474121094,20.969999313354492,19.933332443237305,28.100000381469727,5.710000038146973,113.5,18.739999771118164
2020-12-21,37.790000915527344,20.760000228881836,19.66666603088379,27.020000457763672,5.840000152587891,111.43000030517578,18.350000381469727
2020-12-22,38.290000915527344,21.059999465942383,20.093332290649414,27.280000686645508,5.789999961853027,112.25,18.899999618530273
2020-12-23,38.91999816894531,21.65999984741211,19.996665954589844,27.950000762939453,6.110000133514404,113.13999938964844,19.0
2020-12-28,39.349998474121094,22.1299991607666,20.5,28.18000030517578,6.559999942779541,114.69999694824219,19.360000610351562
2020-12-29,39.119998931884766,22.010000228881836,20.606666564941406,28.270000457763672,6.510000228881836,114.97000122070312,19.559999465942383
2020-12-30,38.79999923706055,21.65999984741211,20.65999984741211,28.34000015258789,6.0,114.6500015258789,19.100000381469727
2021-01-04,37.59000015258789,21.09000015258789,20.3266658782959,28.90999984741211,5.650000095367432,114.08999633789062,18.579999923706055
2021-01-05,37.20000076293945,20.6200008392334,20.366666793823242,30.040000915527344,5.260000228881836,114.69000244140625,18.59000015258789
2021-01-06,38.04999923706055,21.030000686645508,20.03333282470703,30.100000381469727,5.039999961853027,115.55000305175781,17.639999389648438
2021-01-07,39.560001373291016,21.8799991607666,20.593332290649414,31.0,4.949999809265137,118.37000274658203,17.520000457763672
2021-01-08,39.790000915527344,21.600000381469727,20.896665573120117,31.1200008392334,4.980000019073486,120.4000015258789,18.1299991607666
2021-01-11,39.13999938964844,21.059999465942383,20.036666870117188,30.860000610351562,4.96999979019165,118.62000274658203,18.950000762939453
2021-01-12,39.5,21.329999923706055,20.616666793823242,30.6299991607666,5.0,119.44999694824219,20.149999618530273
2021-01-13,37.54999923706055,21.049999237060547,20.700000762939453,29.149999618530273,4.980000019073486,117.36000061035156,21.56999969482422
2021-01-14,37.459999084472656,21.690000534057617,20.553333282470703,29.450000762939453,4.949999809265137,118.68000030517578,22.0
2021-01-15,36.29999923706055,20.3700008392334,19.940000534057617,28.1200008392334,4.960000038146973,115.77999877929688,21.75
2021-01-18,35.93000030517578,20.6299991607666,20.266666412353516,28.06999969482422,4.960000038146973,116.54000091552734,21.5
2021-01-19,35.31999969482422,19.950000762939453,20.196666717529297,28.690000534057617,4.900000095367432,116.0,21.40999984741211
2021-01-20,34.529998779296875,19.670000076293945,20.0,28.209999084472656,4.800000190734863,115.23999786376953,21.790000915527344
2021-01-21,34.18000030517578,19.450000762939453,19.366666793823242,27.549999237060547,4.670000076293945,113.80999755859375,22.299999237060547
2021-01-22,33.689998626708984,19.700000762939453,19.516666412353516,27.09000015258789,4.650000095367432,113.18000030517578,22.030000686645508
2021-01-26,32.790000915527344,18.90999984741211,19.766666412353516,27.0,4.570000171661377,112.08000183105469,22.600000381469727
2021-01-27,33.75,19.1200008392334,19.670000076293945,27.399999618530273,4.630000114440918,111.58999633789062,21.100000381469727
2021-01-28,34.540000915527344,19.75,20.43000030517578,27.760000228881836,4.670000076293945,114.51000213623047,21.799999237060547
2021-01-29,33.86000061035156,18.93000030517578,19.933332443237305,26.690000534057617,4.739999771118164,110.55999755859375,21.5
2021-02-01,34.290000915527344,19.780000686645508,20.41666603088379,27.530000686645508,4.659999847412109,113.05999755859375,21.600000381469727
2021-02-02,34.060001373291016,19.850000381469727,20.896665573120117,28.65999984741211,4.710000038146973,113.8499984741211,21.799999237060547
2021-02-03,34.33000183105469,19.700000762939453,20.986665725708008,28.940000534057617,4.690000057220459,115.25,21.969999313354492
2021-02-04,34.189998626708984,20.0,20.81333351135254,28.81999969482422,4.579999923706055,114.62000274658203,21.649999618530273
2021-02-05,33.959999084472656,20.059999465942383,21.149999618530273,28.84000015258789,4.670000076293945,115.81999969482422,21.65999984741211
2021-02-08,33.869998931884766,19.459999084472656,20.836666107177734,28.110000610351562,4.670000076293945,115.18000030517578,22.030000686645508
2021-02-09,34.279998779296875,19.799999237060547,20.739999771118164,27.540000915527344,4.75,114.91000366210938,22.649999618530273
2021-02-10,33.810001373291016,19.280000686645508,20.016666412353516,27.799999237060547,4.659999847412109,113.91999816894531,22.360000610351562
2021-02-11,33.939998626708984,19.5,20.106666564941406,28.079999923706055,4.730000019073486,114.9000015258789,22.239999771118164
2021-02-12,33.75,19.639999389648438,19.953332901000977,28.440000534057617,4.659999847412109,115.05000305175781,22.350000381469727
2021-02-17,33.36000061035156,19.81999969482422,19.670000076293945,29.59000015258789,4.610000133514404,115.86000061035156,23.170000076293945
2021-02-18,33.2599983215332,19.399999618530273,19.34000015258789,29.270000457763672,4.460000038146973,114.61000061035156,23.1200008392334
2021-02-19,32.630001068115234,19.600000381469727,19.350000381469727,27.329999923706055,4.369999885559082,113.81999969482422,23.799999237060547
2021-02-22,28.829999923706055,18.6200008392334,18.579999923706055,21.670000076293945,4.230000019073486,108.25,23.34000015258789
2021-02-23,30.43000030517578,19.100000381469727,18.446666717529297,24.059999465942383,4.25,110.76000213623047,22.799999237060547
2021-02-24,30.309999465942383,18.899999618530273,18.540000915527344,24.399999618530273,4.179999828338623,111.45999908447266,22.139999389648438
2021-02-25,29.459999084472656,18.260000228881836,18.29666519165039,23.190000534057617,4.130000114440918,108.08999633789062,21.399999618530273
2021-02-26,28.049999237060547,17.6200008392334,18.100000381469727,22.239999771118164,4.050000190734863,105.58999633789062,20.979999542236328
2021-03-01,27.860000610351562,18.040000915527344,18.116666793823242,22.0,3.940000057220459,105.94000244140625,21.65999984741211
2021-03-02,28.93000030517578,18.450000762939453,18.670000076293945,21.989999771118164,3.9800000190734863,107.5,22.31999969482422
2021-03-03,28.989999771118164,17.979999542236328,18.863332748413086,21.190000534057617,4.050000190734863,107.16000366210938,21.799999237060547
2021-03-04,30.040000915527344,18.6200008392334,18.496665954589844,22.219999313354492,4.130000114440918,108.56999969482422,21.399999618530273
2021-03-05,30.600000381469727,19.31999969482422,18.829999923706055,22.389999389648438,4.110000133514404,110.93000030517578,21.3700008392334
2021-03-08,29.200000762939453,18.670000076293945,17.56333351135254,21.100000381469727,4.039999961853027,105.3499984741211,20.229999542236328
2021-03-09,28.989999771118164,18.700000762939453,17.833332061767578,21.59000015258789,3.9600000381469727,107.19000244140625,21.489999771118164
2021-03-10,29.899999618530273,18.989999771118164,18.43666648864746,22.34000015258789,4.139999866485596,108.62999725341797,20.5
2021-03-11,30.049999237060547,19.139999389648438,18.899999618530273,23.290000915527344,4.230000019073486,110.44999694824219,20.260000228881836
2021-03-12,30.0,18.8799991607666,18.446666717529297,23.170000076293945,4.239999771118164,109.85135650634766,19.6299991607666
2021-03-15,29.790000915527344,19.049999237060547,17.933332443237305,23.649999618530273,4.239999771118164,110.51969909667969,20.399999618530273
2021-03-16,29.8700008392334,18.3700008392334,17.483333587646484,23.280000686645508,4.25,109.71434020996094,20.0
2021-03-17,30.700000762939453,18.799999237060547,17.649999618530273,24.079999923706055,4.349999904632568,112.1492919921875,20.420000076293945
2021-03-18,30.440000534057617,19.360000610351562,17.90999984741211,23.239999771118164,4.349999904632568,110.49861145019531,19.969999313354492
2021-03-19,30.700000762939453,18.950000762939453,18.54666519165039,24.0,4.480000019073486,111.83014678955078,20.3700008392334
2021-03-22,30.790000915527344,19.030000686645508,18.34000015258789,23.520000457763672,4.420000076293945,110.63616180419922,20.3799991607666
2021-03-23,29.68000030517578,18.709999084472656,18.056665420532227,22.799999237060547,4.389999866485596,108.98515319824219,20.049999237060547
2021-03-24,29.139999389648438,18.469999313354492,17.93000030517578,22.81999969482422,4.360000133514404,107.83213806152344,19.899999618530273
2021-03-25,29.559999465942383,18.81999969482422,17.926666259765625,23.200000762939453,4.460000038146973,109.45245361328125,19.93000030517578
2021-03-26,29.65999984741211,19.31999969482422,18.003332138061523,23.459999084472656,4.460000038146973,110.44692993164062,19.290000915527344
2021-03-29,29.799999237060547,18.93000030517578,17.866666793823242,23.829999923706055,4.449999809265137,111.060302734375,19.239999771118164
2021-03-30,30.719999313354492,19.09000015258789,17.833332061767578,23.829999923706055,4.489999771118164,112.4375228881836,19.149999618530273
2021-03-31,30.450000762939453,18.75,18.206666946411133,24.100000381469727,4.440000057220459,112.22679901123047,19.790000915527344
2021-04-01,29.950000762939453,18.389999389648438,17.8700008392334,23.889999389648438,4.449999809265137,110.9017105102539,19.760000228881836
2021-04-05,29.90999984741211,18.700000762939453,18.106666564941406,24.040000915527344,4.400000095367432,113.0841064453125,20.329999923706055
2021-04-06,29.549999237060547,18.549999237060547,18.356666564941406,24.020000457763672,4.389999866485596,113.06353759765625,20.600000381469727
2021-04-07,29.360000610351562,18.299999237060547,18.316665649414062,24.0,4.309999942779541,113.18211364746094,20.200000762939453
2021-04-08,29.110000610351562,18.3700008392334,18.616666793823242,23.700000762939453,4.25,113.75,21.56999969482422
2021-04-09,29.190000534057617,18.170000076293945,18.406665802001953,23.649999618530273,4.269999980926514,113.01000213623047,22.299999237060547
2021-04-12,29.549999237060547,18.6200008392334,18.59000015258789,23.889999389648438,4.25,114.4000015258789,21.809999465942383
2021-04-13,29.549999237060547,18.290000915527344,18.433332443237305,23.969999313354492,4.269999980926514,114.66999816894531,21.549999237060547
2021-04-14,29.600000381469727,18.799999237060547,18.343332290649414,24.350000381469727,4.199999809265137,115.5999984741211,21.8799991607666
2021-04-15,29.639999389648438,18.670000076293945,18.18666648864746,23.09000015258789,4.179999828338623,116.19999694824219,21.639999389648438
2021-04-16,29.770000457763672,18.700000762939453,18.466665267944336,22.950000762939453,4.289999961853027,116.45999908447266,22.59000015258789
2021-04-19,29.6200008392334,18.440000534057617,18.1200008392334,24.280000686645508,4.239999771118164,116.33999633789062,22.459999084472656
2021-04-20,30.100000381469727,18.389999389648438,17.906665802001953,23.81999969482422,4.489999771118164,115.4800033569336,22.459999084472656
2021-04-22,29.829999923706055,18.190000534057617,17.78333282470703,23.709999084472656,4.300000190734863,114.94999694824219,21.799999237060547
2021-04-23,30.06999969482422,18.3799991607666,17.906665802001953,23.690000534057617,4.329999923706055,115.97000122070312,22.31999969482422
2021-04-26,30.100000381469727,18.360000610351562,17.670000076293945,23.780000686645508,4.289999961853027,115.94999694824219,22.3799991607666
2021-04-27,29.770000457763672,18.200000762939453,17.649999618530273,23.100000381469727,4.179999828338623,114.77999877929688,23.0
2021-04-28,30.299999237060547,19.510000228881836,17.866666793823242,23.940000534057617,4.230000019073486,116.4000015258789,23.389999389648438
2021-04-29,29.639999389648438,18.90999984741211,17.516666412353516,23.6200008392334,4.239999771118164,115.31999969482422,23.899999618530273
2021-04-30,29.639999389648438,18.600000381469727,17.16666603088379,23.6200008392334,4.25,114.4000015258789,24.170000076293945
2021-05-03,29.75,18.780000686645508,17.163333892822266,23.43000030517578,4.179999828338623,114.68000030517578,23.68000030517578
2021-05-04,29.3700008392334,18.389999389648438,16.889999389648438,22.889999389648438,4.110000133514404,113.2699966430664,23.799999237060547
2021-05-05,29.260000228881836,18.65999984741211,17.16666603088379,23.829999923706055,4.090000152587891,115.1500015258789,24.209999084472656
2021-05-06,29.209999084472656,18.40999984741211,16.933332443237305,23.5,4.070000171661377,115.43000030517578,24.770000457763672
2021-05-07,29.940000534057617,18.600000381469727,17.780000686645508,24.3799991607666,4.159999847412109,117.45999908447266,24.860000610351562
2021-05-10,30.329999923706055,18.309999465942383,17.766666412353516,24.700000762939453,4.110000133514404,117.13999938964844,24.6200008392334
2021-05-11,30.549999237060547,18.25,17.616666793823242,25.149999618530273,4.099999904632568,118.12999725341797,23.350000381469727
2021-05-12,30.350000381469727,17.93000030517578,17.16666603088379,24.780000686645508,3.9600000381469727,115.2699966430664,21.260000228881836
2021-05-13,31.15999984741211,18.360000610351562,17.25,24.989999771118164,4.0,116.04000091552734,21.520000457763672
2021-05-14,31.15999984741211,18.639999389648438,17.850000381469727,26.299999237060547,4.099999904632568,117.23999786376953,21.670000076293945
2021-05-17,31.709999084472656,18.75,17.579999923706055,26.65999984741211,4.110000133514404,118.30999755859375,22.5
2021-05-18,32.150001525878906,18.760000228881836,17.299999237060547,26.350000381469727,4.090000152587891,118.19000244140625,22.489999771118164
2021-05-19,32.70000076293945,19.40999984741211,17.219999313354492,26.149999618530273,4.090000152587891,118.01000213623047,21.600000381469727
2021-05-20,32.79999923706055,19.280000686645508,17.25,25.93000030517578,4.099999904632568,117.91000366210938,21.959999084472656
2021-05-21,33.08000183105469,19.309999465942383,17.350000381469727,25.950000762939453,4.079999923706055,118.01000213623047,21.25
2021-05-24,32.880001068115234,19.299999237060547,17.450000762939453,26.389999389648438,4.110000133514404,119.26000213623047,21.520000457763672
2021-05-25,32.439998626708984,19.350000381469727,17.0,25.84000015258789,4.130000114440918,118.4000015258789,22.1200008392334
2021-05-26,32.97999954223633,19.299999237060547,17.100000381469727,26.09000015258789,4.110000133514404,119.23999786376953,22.209999084472656
2021-05-27,33.43000030517578,19.670000076293945,16.979999542236328,25.90999984741211,4.110000133514404,119.58999633789062,23.020000457763672
2021-05-28,33.540000915527344,19.989999771118164,17.479999542236328,26.989999771118164,4.059999942779541,120.72000122070312,23.040000915527344
2021-05-31,33.4900016784668,19.81999969482422,17.540000915527344,26.8700008392334,4.010000228881836,121.25,23.34000015258789
2021-06-01,33.97999954223633,20.219999313354492,17.700000762939453,27.290000915527344,4.050000190734863,123.33000183105469,23.200000762939453
2021-06-02,35.20000076293945,20.799999237060547,17.010000228881836,27.8700008392334,4.079999923706055,124.66999816894531,23.200000762939453
2021-06-04,35.75,21.399999618530273,17.239999771118164,28.5,4.059999942779541,125.05000305175781,22.950000762939453
2021-06-07,36.52000045776367,21.81999969482422,17.290000915527344,28.290000915527344,4.079999923706055,125.75,23.0
2021-06-08,36.29999923706055,21.860000610351562,16.329999923706055,28.65999984741211,4.050000190734863,124.70999908447266,23.809999465942383
2021-06-09,35.599998474121094,21.719999313354492,16.399999618530273,28.65999984741211,4.050000190734863,124.87999725341797,24.1299991607666
2021-06-10,35.5,21.760000228881836,16.0,28.68000030517578,4.050000190734863,125.0,23.6299991607666
2021-06-11,35.400001525878906,21.6200008392334,16.1299991607666,28.56999969482422,4.050000190734863,124.4800033569336,23.969999313354492
2021-06-14,35.619998931884766,21.600000381469727,16.31999969482422,28.75,4.179999828338623,125.1500015258789,23.600000381469727
2021-06-15,35.5,21.6200008392334,16.670000076293945,29.030000686645508,4.230000019073486,125.18000030517578,23.489999771118164
2021-06-16,35.75,22.0,16.90999984741211,29.139999389648438,4.170000076293945,124.22000122070312,23.81999969482422
2021-06-17,34.900001525878906,21.700000762939453,17.170000076293945,28.1299991607666,4.139999866485596,123.08999633789062,24.399999618530273
2021-06-18,34.849998474121094,21.389999389648438,17.3799991607666,28.31999969482422,4.010000228881836,123.2699966430664,24.649999618530273
2021-06-21,34.58000183105469,21.209999084472656,17.06999969482422,28.950000762939453,4.150000095367432,124.2300033569336,24.440000534057617
2021-06-22,33.849998474121094,21.020000457763672,16.989999771118164,29.100000381469727,4.139999866485596,123.81999969482422,24.309999465942383
2021-06-23,33.849998474121094,20.809999465942383,17.020000457763672,29.299999237060547,4.139999866485596,123.54000091552734,24.899999618530273
2021-06-24,33.91999816894531,20.809999465942383,16.989999771118164,29.649999618530273,4.170000076293945,124.52999877929688,24.450000762939453
2021-06-25,32.900001525878906,20.389999389648438,16.690000534057617,29.100000381469727,4.150000095367432,122.5,24.8700008392334
2021-06-28,32.650001525878906,20.1299991607666,16.989999771118164,29.049999237060547,4.119999885559082,122.44999694824219,25.68000030517578
2021-06-29,32.43000030517578,20.0,17.040000915527344,29.18000030517578,4.059999942779541,122.30999755859375,25.84000015258789
2021-06-30,32.130001068115234,19.610000610351562,16.81999969482422,29.43000030517578,4.070000171661377,121.80999755859375,25.760000228881836
2021-07-01,31.790000915527344,19.110000610351562,16.31999969482422,29.059999465942383,4.010000228881836,120.7300033569336,24.899999618530273
2021-07-02,32.13999938964844,19.6200008392334,16.420000076293945,29.18000030517578,4.050000190734863,122.77999877929688,25.229999542236328
2021-07-05,31.940000534057617,19.510000228881836,16.110000610351562,28.850000381469727,4.019999980926514,121.97000122070312,24.65999984741211
2021-07-06,31.459999084472656,19.239999771118164,15.920000076293945,27.670000076293945,3.9800000190734863,120.30000305175781,24.389999389648438
2021-07-07,31.8799991607666,19.309999465942383,16.270000457763672,28.049999237060547,4.03000020980835,122.27999877929688,24.420000076293945
2021-07-08,31.790000915527344,19.200000762939453,16.149999618530273,27.489999771118164,3.9700000286102295,120.66000366210938,24.8799991607666
2021-07-12,32.599998474121094,20.0,16.709999084472656,27.729999542236328,4.059999942779541,122.77999877929688,24.549999237060547
2021-07-13,32.459999084472656,20.290000915527344,16.950000762939453,27.899999618530273,4.059999942779541,123.31999969482422,24.100000381469727
2021-07-14,32.68000030517578,19.8700008392334,17.1200008392334,27.670000076293945,4.090000152587891,123.47000122070312,23.940000534057617
2021-07-15,32.18000030517578,19.799999237060547,17.0,27.079999923706055,4.010000228881836,122.80000305175781,23.959999084472656
2021-07-16,31.790000915527344,19.06999969482422,16.59000015258789,26.68000030517578,4.050000190734863,121.1500015258789,23.510000228881836
2021-07-19,31.549999237060547,19.139999389648438,16.40999984741211,26.239999771118164,4.0,119.73999786376953,23.389999389648438
2021-07-20,32.11000061035156,19.260000228881836,16.420000076293945,26.59000015258789,4.0,120.5999984741211,23.149999618530273
2021-07-21,32.43000030517578,19.399999618530273,16.350000381469727,26.959999084472656,3.930000066757202,121.12000274658203,22.899999618530273
2021-07-22,31.950000762939453,19.110000610351562,16.5,26.899999618530273,3.9600000381469727,121.43000030517578,23.399999618530273
2021-07-23,31.780000686645508,19.100000381469727,16.350000381469727,26.739999771118164,3.9200000762939453,120.19999694824219,23.579999923706055
2021-07-26,32.27000045776367,19.700000762939453,16.40999984741211,27.469999313354492,3.9200000762939453,121.19999694824219,23.09000015258789
2021-07-27,32.41999816894531,19.850000381469727,16.100000381469727,27.149999618530273,3.9100000858306885,119.76000213623047,22.479999542236328
2021-07-28,32.900001525878906,19.8799991607666,15.84000015258789,27.709999084472656,3.9100000858306885,121.44999694824219,22.3799991607666
2021-07-29,32.380001068115234,19.690000534057617,15.8100004196167,27.809999465942383,3.890000104904175,120.7300033569336,22.459999084472656
2021-07-30,31.6299991607666,19.15999984741211,15.25,26.90999984741211,3.869999885559082,117.11000061035156,22.84000015258789
2021-08-02,32.060001373291016,19.469999313354492,15.619999885559082,26.40999984741211,3.8299999237060547,117.5999984741211,23.610000610351562
2021-08-03,31.8799991607666,19.299999237060547,16.010000228881836,26.850000381469727,3.819999933242798,118.7300033569336,24.940000534057617
2021-08-04,31.40999984741211,19.200000762939453,15.9399995803833,26.280000686645508,3.7899999618530273,116.95999908447266,25.540000915527344
2021-08-05,30.850000381469727,18.84000015258789,15.710000038146973,28.350000381469727,3.7300000190734863,116.93000030517578,25.899999618530273
2021-08-06,31.790000915527344,19.530000686645508,15.899999618530273,28.389999389648438,3.7200000286102295,118.23999786376953,26.350000381469727
2021-08-09,31.5,19.700000762939453,15.770000457763672,28.190000534057617,3.7200000286102295,118.13999938964844,26.799999237060547
2021-08-10,30.700000762939453,19.549999237060547,15.510000228881836,28.280000686645508,3.75,117.56999969482422,26.239999771118164
2021-08-11,30.399999618530273,19.5,15.050000190734863,28.670000076293945,3.7300000190734863,117.26000213623047,26.0
2021-08-12,29.739999771118164,19.450000762939453,13.890000343322754,29.100000381469727,3.700000047683716,115.87000274658203,25.479999542236328
2021-08-13,29.5,19.639999389648438,14.640000343322754,29.350000381469727,3.7799999713897705,116.55999755859375,25.65999984741211
2021-08-16,29.450000762939453,19.639999389648438,13.979999542236328,28.639999389648438,3.759999990463257,114.62999725341797,25.34000015258789
2021-08-17,29.329999923706055,19.469999313354492,13.819999694824219,27.030000686645508,3.6600000858306885,113.3499984741211,26.280000686645508
2021-08-18,29.469999313354492,19.290000915527344,13.539999961853027,26.790000915527344,3.6600000858306885,112.05999755859375,25.93000030517578
2021-08-19,29.670000076293945,19.489999771118164,14.180000305175781,26.639999389648438,3.75,112.8499984741211,26.989999771118164
2021-08-20,29.709999084472656,19.209999084472656,14.199999809265137,26.600000381469727,3.890000104904175,113.6500015258789,27.90999984741211
2021-08-23,29.979999542236328,19.68000030517578,13.649999618530273,27.020000457763672,3.809999942779541,113.05000305175781,27.399999618530273
2021-08-24,30.600000381469727,19.989999771118164,13.899999618530273,27.579999923706055,3.819999933242798,115.62999725341797,27.639999389648438
2021-08-25,30.5,20.200000762939453,13.989999771118164,27.729999542236328,3.7799999713897705,116.13999938964844,28.350000381469727
2021-08-26,30.06999969482422,20.219999313354492,13.65999984741211,27.489999771118164,3.819999933242798,114.06999969482422,27.5
2021-08-27,30.530000686645508,20.399999618530273,13.9399995803833,28.489999771118164,3.7699999809265137,116.18000030517578,27.75
2021-08-30,30.239999771118164,20.469999313354492,13.699999809265137,28.299999237060547,3.7100000381469727,115.08000183105469,27.0
2021-08-31,30.43000030517578,20.420000076293945,14.069999694824219,27.190000534057617,3.7200000286102295,114.08000183105469,26.479999542236328
2021-09-01,30.459999084472656,20.459999084472656,14.430000305175781,27.040000915527344,3.740000009536743,114.80000305175781,25.65999984741211
2021-09-02,29.200000762939453,19.280000686645508,14.069999694824219,26.600000381469727,3.680000066757202,112.1500015258789,26.049999237060547
2021-09-03,29.1299991607666,18.440000534057617,14.050000190734863,26.329999923706055,3.680000066757202,112.08999633789062,26.600000381469727
2021-09-06,29.649999618530273,18.8700008392334,14.319999694824219,26.459999084472656,3.690000057220459,113.4800033569336,26.610000610351562
2021-09-08,28.399999618530273,18.170000076293945,13.119999885559082,24.969999313354492,3.5199999809265137,109.08000183105469,25.56999969482422
2021-09-09,28.899999618530273,17.81999969482422,13.630000114440918,25.5,3.5899999141693115,111.51000213623047,26.979999542236328
2021-09-10,28.989999771118164,17.610000610351562,13.8100004196167,25.34000015258789,3.5999999046325684,109.87999725341797,26.450000762939453
2021-09-13,29.6299991607666,17.649999618530273,14.199999809265137,26.229999542236328,3.75,112.12000274658203,25.989999771118164
2021-09-14,29.229999542236328,17.700000762939453,14.130000114440918,25.8799991607666,3.740000009536743,111.69999694824219,27.0
2021-09-15,29.0,17.239999771118164,14.050000190734863,26.329999923706055,3.75,110.68000030517578,26.899999618530273
2021-09-16,29.469999313354492,17.299999237060547,14.119999885559082,26.100000381469727,3.690000057220459,109.44000244140625,26.799999237060547
2021-09-17,28.940000534057617,16.700000762939453,14.180000305175781,24.93000030517578,3.740000009536743,107.13999938964844,26.739999771118164
2021-09-20,28.0,15.819999694824219,13.680000305175781,24.649999618530273,3.6500000953674316,104.7699966430664,25.5
2021-09-21,28.709999084472656,16.030000686645508,13.550000190734863,25.209999084472656,3.7100000381469727,105.7699966430664,26.270000457763672
2021-09-22,29.3799991607666,16.489999771118164,14.25,25.850000381469727,3.7799999713897705,107.98999786376953,26.459999084472656
2021-09-23,29.450000762939453,16.81999969482422,13.90999984741211,26.84000015258789,3.759999990463257,109.5999984741211,26.190000534057617
2021-09-24,29.219999313354492,16.360000610351562,13.880000114440918,26.899999618530273,3.8399999141693115,109.02999877929688,25.799999237060547
2021-09-27,29.8700008392334,17.049999237060547,13.680000305175781,27.139999389648438,3.859999895095825,108.88999938964844,25.799999237060547
2021-09-28,29.260000228881836,16.989999771118164,12.9399995803833,26.959999084472656,3.819999933242798,105.83000183105469,24.280000686645508
2021-09-29,29.420000076293945,17.219999313354492,12.75,27.389999389648438,3.880000114440918,106.83000183105469,23.899999618530273
2021-09-30,28.899999618530273,16.639999389648438,12.739999771118164,27.229999542236328,3.7899999618530273,106.48999786376953,23.459999084472656
2021-10-01,29.549999237060547,17.200000762939453,13.229999542236328,28.0,3.759999990463257,108.48999786376953,24.0
2021-10-04,29.200000762939453,17.0,12.399999618530273,28.790000915527344,3.700000047683716,106.18000030517578,22.969999313354492
2021-10-05,30.59000015258789,17.040000915527344,12.149999618530273,29.420000076293945,3.690000057220459,106.12000274658203,23.299999237060547
2021-10-06,30.639999389648438,17.350000381469727,12.220000267028809,28.639999389648438,3.6600000858306885,106.37000274658203,22.90999984741211
2021-10-07,30.31999969482422,17.139999389648438,12.260000228881836,28.600000381469727,3.6600000858306885,106.41999816894531,23.1299991607666
2021-10-08,30.959999084472656,17.459999084472656,12.489999771118164,29.1200008392334,3.740000009536743,108.38999938964844,23.399999618530273
2021-10-11,30.719999313354492,17.020000457763672,12.130000114440918,29.31999969482422,3.759999990463257,107.75,21.989999771118164
2021-10-13,30.760000228881836,16.979999542236328,12.850000381469727,29.6299991607666,3.8399999141693115,109.23999786376953,23.469999313354492
2021-10-14,30.610000610351562,16.979999542236328,12.729999542236328,29.68000030517578,3.9000000953674316,108.97000122070312,23.860000610351562
2021-10-15,31.579999923706055,17.700000762939453,13.149999618530273,29.600000381469727,3.9200000762939453,110.22000122070312,23.770000457763672
2021-10-18,32.209999084472656,17.260000228881836,12.920000076293945,29.450000762939453,3.9600000381469727,109.94999694824219,23.450000762939453
2021-10-19,30.6299991607666,16.3799991607666,12.520000457763672,28.010000228881836,3.9200000762939453,106.80000305175781,22.40999984741211
2021-10-20,31.200000762939453,16.969999313354492,13.140000343322754,28.5,3.859999895095825,106.7300033569336,21.3799991607666
2021-10-21,29.81999969482422,16.709999084472656,13.010000228881836,27.450000762939453,4.03000020980835,103.6500015258789,20.100000381469727
2021-10-22,28.90999984741211,16.420000076293945,12.619999885559082,27.18000030517578,3.799999952316284,102.33000183105469,19.540000915527344
2021-10-25,29.510000228881836,16.770000457763672,12.890000343322754,29.040000915527344,3.759999990463257,104.55000305175781,19.920000076293945
2021-10-26,29.200000762939453,16.469999313354492,12.149999618530273,28.760000228881836,3.700000047683716,102.25,19.0
2021-10-27,29.170000076293945,16.399999618530273,12.119999885559082,28.690000534057617,3.7300000190734863,102.4000015258789,18.829999923706055
2021-10-28,28.90999984741211,16.459999084472656,12.039999961853027,28.959999084472656,3.7100000381469727,100.61000061035156,18.979999542236328
2021-10-29,28.5,16.15999984741211,11.90999984741211,27.149999618530273,3.5799999237060547,99.68000030517578,18.770000457763672
2021-11-01,29.149999618530273,16.950000762939453,11.979999542236328,28.0,3.6700000762939453,101.5199966430664,19.309999465942383
2021-11-03,29.34000015258789,17.280000686645508,12.0,26.850000381469727,3.809999942779541,102.0,20.81999969482422
2021-11-04,28.649999618530273,16.399999618530273,11.9399995803833,26.0,3.700000047683716,99.6500015258789,20.639999389648438
2021-11-05,29.290000915527344,16.049999237060547,12.369999885559082,25.850000381469727,3.740000009536743,100.80999755859375,20.450000762939453
2021-11-08,29.479999542236328,16.06999969482422,12.239999771118164,26.1200008392334,3.7100000381469727,100.83000183105469,19.610000610351562
2021-11-09,29.440000534057617,16.0,12.640000343322754,26.639999389648438,3.740000009536743,101.38999938964844,20.829999923706055
2021-11-10,30.790000915527344,16.299999237060547,12.670000076293945,26.43000030517578,3.8399999141693115,102.0199966430664,21.889999389648438
2021-11-11,30.200000762939453,16.3799991607666,13.149999618530273,26.450000762939453,3.9200000762939453,103.55000305175781,22.809999465942383
2021-11-12,30.149999618530273,16.43000030517578,13.050000190734863,26.989999771118164,3.859999895095825,102.12999725341797,21.969999313354492
2021-11-16,29.729999542236328,16.290000915527344,12.75,27.270000457763672,3.809999942779541,100.36000061035156,20.420000076293945
2021-11-17,29.309999465942383,16.040000915527344,12.65999984741211,26.579999923706055,3.7100000381469727,99.25,19.489999771118164
2021-11-18,29.09000015258789,16.1299991607666,12.470000267028809,26.540000915527344,3.7200000286102295,98.6500015258789,19.549999237060547
2021-11-19,29.049999237060547,16.100000381469727,12.470000267028809,26.100000381469727,3.759999990463257,99.2699966430664,19.549999237060547
2021-11-22,28.889999389648438,15.949999809265137,12.100000381469727,26.360000610351562,3.6500000953674316,98.23999786376953,19.139999389648438
2021-11-23,29.690000534057617,16.06999969482422,11.979999542236328,27.799999237060547,3.690000057220459,100.0,18.3700008392334
2021-11-24,30.239999771118164,16.360000610351562,12.1899995803833,28.3700008392334,3.7200000286102295,100.66000366210938,18.56999969482422
2021-11-25,31.809999465942383,16.5,12.369999885559082,29.6200008392334,3.759999990463257,101.98999786376953,19.170000076293945
2021-11-26,30.760000228881836,16.0,11.779999732971191,28.469999313354492,3.75,98.38999938964844,18.5
2021-11-29,30.809999465942383,15.760000228881836,11.5,29.469999313354492,3.7200000286102295,99.01000213623047,18.5
2021-11-30,31.84000015258789,15.5,11.109999656677246,29.43000030517578,3.690000057220459,98.3499984741211,18.209999084472656
2021-12-01,31.299999237060547,15.5,11.010000228881836,29.600000381469727,3.690000057220459,97.08999633789062,18.450000762939453
2021-12-02,32.15999984741211,15.6899995803833,11.460000038146973,28.360000610351562,3.869999885559082,100.43000030517578,18.079999923706055
2021-12-03,32.20000076293945,15.6899995803833,11.630000114440918,28.760000228881836,3.8499999046325684,101.31999969482422,19.1299991607666
2021-12-06,33.06999969482422,15.789999961853027,11.779999732971191,28.889999389648438,3.9000000953674316,103.0,18.920000076293945
2021-12-07,32.599998474121094,15.579999923706055,12.050000190734863,29.360000610351562,3.8499999046325684,103.62999725341797,19.719999313354492
2021-12-08,32.75,15.399999618530273,12.119999885559082,29.350000381469727,3.890000104904175,104.19999694824219,20.5
2021-12-09,32.02000045776367,15.289999961853027,11.710000038146973,29.290000915527344,3.819999933242798,102.13999938964844,19.31999969482422
2021-12-10,32.5,14.949999809265137,12.380000114440918,29.649999618530273,3.799999952316284,103.7300033569336,19.84000015258789
2021-12-13,32.22999954223633,14.869999885559082,12.149999618530273,29.469999313354492,3.799999952316284,103.5,19.799999237060547
2021-12-14,32.060001373291016,14.760000228881836,12.100000381469727,29.1200008392334,3.7899999618530273,102.69999694824219,18.860000610351562
2021-12-15,31.510000228881836,14.920000076293945,12.0600004196167,29.299999237060547,3.7799999713897705,103.19999694824219,19.170000076293945
2021-12-16,31.40999984741211,15.050000190734863,12.069999694824219,29.690000534057617,3.7799999713897705,104.41000366210938,18.670000076293945
2021-12-17,30.329999923706055,14.739999771118164,12.3100004196167,28.989999771118164,3.7899999618530273,103.0999984741211,18.6200008392334
2021-12-20,29.420000076293945,14.319999694824219,11.880000114440918,28.15999984741211,3.740000009536743,101.0,17.889999389648438
2021-12-21,29.5,14.210000038146973,11.369999885559082,28.200000762939453,3.740000009536743,101.41999816894531,17.530000686645508
2021-12-22,29.329999923706055,14.380000114440918,11.5,28.15999984741211,3.740000009536743,101.43000030517578,17.329999923706055
2021-12-23,29.219999313354492,14.460000038146973,11.380000114440918,28.329999923706055,3.740000009536743,100.8499984741211,16.829999923706055
2021-12-27,29.280000686645508,14.5,11.3100004196167,28.75,3.7799999713897705,101.5999984741211,16.899999618530273
2021-12-28,29.110000610351562,14.470000267028809,11.15999984741211,28.780000686645508,3.819999933242798,101.05999755859375,16.6299991607666
2021-12-29,28.959999084472656,14.260000228881836,11.079999923706055,28.540000915527344,3.7899999618530273,100.25,16.399999618530273
2021-12-30,28.850000381469727,14.210000038146973,11.140000343322754,28.450000762939453,3.799999952316284,100.80000305175781,16.3700008392334
2022-01-03,28.81999969482422,14.600000381469727,10.720000267028809,29.09000015258789,3.5899999141693115,99.93000030517578,15.819999694824219
2022-01-04,28.850000381469727,14.609999656677246,10.949999809265137,29.200000762939453,3.549999952316284,99.56999969482422,14.40999984741211
2022-01-05,28.3700008392334,14.630000114440918,10.720000267028809,28.06999969482422,3.4700000286102295,97.0999984741211,13.770000457763672
2022-01-06,28.600000381469727,14.739999771118164,10.979999542236328,28.049999237060547,3.3499999046325684,97.8499984741211,14.029999732971191
2022-01-07,28.6299991607666,14.779999732971191,11.239999771118164,28.18000030517578,3.359999895095825,98.69999694824219,14.180000305175781
2022-01-10,28.780000686645508,14.949999809265137,11.180000305175781,28.010000228881836,3.2699999809265137,98.43000030517578,14.0
2022-01-11,28.899999618530273,14.829999923706055,11.210000038146973,28.84000015258789,3.309999942779541,100.0999984741211,14.989999771118164
2022-01-12,29.18000030517578,14.520000457763672,11.609999656677246,29.719999313354492,3.390000104904175,101.91000366210938,15.550000190734863
2022-01-13,29.649999618530273,14.630000114440918,11.59000015258789,30.31999969482422,3.4200000762939453,101.55000305175781,15.399999618530273
2022-01-14,30.40999984741211,14.979999542236328,12.220000267028809,31.450000762939453,3.4200000762939453,103.06999969482422,15.239999771118164
2022-01-17,30.469999313354492,14.989999771118164,12.359999656677246,31.5,3.5,102.58000183105469,15.020000457763672
2022-01-18,30.739999771118164,14.9399995803833,12.3100004196167,31.639999389648438,3.430000066757202,102.8499984741211,14.779999732971191
2022-01-19,31.010000228881836,15.079999923706055,12.260000228881836,31.489999771118164,3.549999952316284,104.05000305175781,14.729999542236328
2022-01-20,31.200000762939453,14.880000114440918,13.25,31.719999313354492,3.5899999141693115,104.9000015258789,16.15999984741211
2022-01-21,31.200000762939453,14.920000076293945,13.640000343322754,31.770000457763672,3.619999885559082,104.69999694824219,16.700000762939453
2022-01-24,31.350000381469727,14.890000343322754,13.0600004196167,31.950000762939453,3.619999885559082,104.08000183105469,15.890000343322754
2022-01-25,32.15999984741211,15.59000015258789,13.319999694824219,32.9900016784668,3.6500000953674316,106.33000183105469,16.780000686645508
2022-01-26,31.850000381469727,15.739999771118164,13.779999732971191,33.869998931884766,3.700000047683716,107.38999938964844,18.010000228881836
2022-01-27,32.290000915527344,15.600000381469727,14.460000038146973,33.880001068115234,3.75,108.19999694824219,17.510000228881836
2022-01-28,32.4900016784668,15.380000114440918,14.739999771118164,32.540000915527344,3.7300000190734863,107.58000183105469,17.059999465942383
2022-01-31,32.65999984741211,15.600000381469727,14.619999885559082,32.349998474121094,3.869999885559082,107.9800033569336,17.809999465942383
2022-02-01,32.61000061035156,15.289999961853027,14.260000228881836,33.0,3.8299999237060547,109.1500015258789,17.950000762939453
2022-02-02,32.06999969482422,14.920000076293945,14.130000114440918,32.52000045776367,3.799999952316284,107.69000244140625,17.670000076293945
2022-02-03,32.290000915527344,15.010000228881836,14.140000343322754,32.06999969482422,3.8299999237060547,107.7699966430664,17.59000015258789
2022-02-04,32.22999954223633,15.270000457763672,14.130000114440918,32.630001068115234,3.809999942779541,108.0199966430664,17.670000076293945
2022-02-07,31.860000610351562,15.300000190734863,13.699999809265137,32.150001525878906,3.7699999809265137,107.72000122070312,17.799999237060547
2022-02-08,32.20000076293945,15.399999618530273,13.550000190734863,31.829999923706055,3.759999990463257,108.2300033569336,17.200000762939453
2022-02-09,31.920000076293945,15.069999694824219,14.15999984741211,31.950000762939453,3.75,108.2300033569336,17.280000686645508
2022-02-10,32.27000045776367,15.319999694824219,14.100000381469727,32.439998626708984,3.7799999713897705,109.0999984741211,16.739999771118164
2022-02-11,33.400001525878906,14.960000038146973,13.920000076293945,33.7599983215332,3.759999990463257,109.30999755859375,16.530000686645508
2022-02-14,33.540000915527344,15.210000038146973,14.119999885559082,33.0,3.7699999809265137,109.5199966430664,17.6200008392334
2022-02-15,35.130001068115234,15.119999885559082,14.600000381469727,32.47999954223633,3.7799999713897705,110.5999984741211,18.549999237060547
2022-02-16,35.33000183105469,15.25,14.59000015258789,32.93000030517578,3.7799999713897705,110.7699966430664,18.540000915527344
2022-02-17,35.33000183105469,15.210000038146973,14.199999809265137,32.79999923706055,3.759999990463257,109.0999984741211,18.850000381469727
2022-02-18,36.04999923706055,15.199999809265137,14.270000457763672,33.0,3.7799999713897705,108.51000213623047,18.350000381469727
2022-02-21,35.279998779296875,15.0600004196167,14.069999694824219,33.849998474121094,3.7899999618530273,107.44999694824219,17.200000762939453
2022-02-22,35.61000061035156,15.050000190734863,14.390000343322754,33.7400016784668,3.809999942779541,109.0,18.209999084472656
2022-02-23,35.790000915527344,15.100000381469727,14.59000015258789,34.220001220703125,3.859999895095825,107.58000183105469,17.850000381469727
2022-02-24,34.650001525878906,14.399999618530273,14.699999809265137,33.38999938964844,3.8399999141693115,107.4800033569336,18.0
2022-02-25,35.209999084472656,14.630000114440918,14.579999923706055,34.0,3.8499999046325684,108.9000015258789,17.489999771118164
2022-03-02,35.599998474121094,14.6899995803833,14.319999694824219,34.66999816894531,3.880000114440918,111.0999984741211,17.670000076293945
2022-03-03,34.77000045776367,14.880000114440918,14.770000457763672,34.2400016784668,3.930000066757202,111.0199966430664,18.280000686645508
2022-03-04,33.900001525878906,14.479999542236328,14.4399995803833,34.22999954223633,3.950000047683716,110.4000015258789,17.520000457763672
2022-03-07,32.45000076293945,14.029999732971191,13.899999618530273,31.799999237060547,3.869999885559082,107.11000061035156,15.949999809265137
2022-03-08,32.70000076293945,14.029999732971191,13.619999885559082,32.459999084472656,3.8399999141693115,107.29000091552734,16.670000076293945
2022-03-09,34.54999923706055,15.260000228881836,13.800000190734863,32.560001373291016,3.950000047683716,109.77999877929688,18.15999984741211
2022-03-10,34.099998474121094,15.140000343322754,13.3100004196167,33.70000076293945,3.930000066757202,109.4000015258789,17.40999984741211
2022-03-11,33.41999816894531,15.40999984741211,13.260000228881836,32.4900016784668,3.880000114440918,107.69999694824219,16.68000030517578
2022-03-14,33.630001068115234,15.970000267028809,13.260000228881836,31.8700008392334,3.809999942779541,106.04000091552734,16.18000030517578
2022-03-15,33.040000915527344,15.779999732971191,13.300000190734863,31.100000381469727,3.799999952316284,104.9000015258789,17.1299991607666
2022-03-16,33.47999954223633,15.8100004196167,13.600000381469727,30.829999923706055,3.819999933242798,107.13999938964844,17.8700008392334
2022-03-17,33.790000915527344,16.399999618530273,13.899999618530273,30.010000228881836,3.9000000953674316,108.83000183105469,18.0
2022-03-18,33.720001220703125,16.520000457763672,14.109999656677246,30.610000610351562,3.930000066757202,110.7300033569336,18.639999389648438
2022-03-21,34.40999984741211,16.969999313354492,13.880000114440918,31.760000228881836,3.930000066757202,111.94000244140625,17.940000534057617
2022-03-22,35.099998474121094,17.100000381469727,14.630000114440918,31.6200008392334,3.940000057220459,113.0999984741211,18.549999237060547
2022-03-23,34.91999816894531,17.110000610351562,14.760000228881836,32.04999923706055,3.950000047683716,112.9000015258789,18.989999771118164
2022-03-24,35.31999969482422,17.229999542236328,14.890000343322754,32.41999816894531,3.9800000190734863,114.73999786376953,18.799999237060547
2022-03-25,35.29999923706055,17.559999465942383,15.140000343322754,32.29999923706055,3.9700000286102295,114.75,18.760000228881836
2022-03-28,34.959999084472656,17.31999969482422,15.09000015258789,31.600000381469727,4.019999980926514,114.51000213623047,18.600000381469727
2022-03-29,35.11000061035156,17.3700008392334,15.539999961853027,32.29999923706055,4.059999942779541,115.75,19.440000534057617
2022-03-30,34.900001525878906,17.399999618530273,15.670000076293945,32.9900016784668,3.990000009536743,115.9000015258789,18.780000686645508
2022-03-31,34.70000076293945,17.440000534057617,15.710000038146973,33.45000076293945,3.9800000190734863,115.5999984741211,18.65999984741211
2022-04-01,34.68000030517578,17.6299991607666,16.040000915527344,33.0099983215332,4.0,117.19999694824219,19.149999618530273
2022-04-04,34.36000061035156,17.309999465942383,16.139999389648438,32.70000076293945,3.9800000190734863,116.80000305175781,19.110000610351562
2022-04-05,33.45000076293945,17.200000762939453,15.829999923706055,32.38999938964844,3.9600000381469727,114.51000213623047,18.65999984741211
2022-04-06,33.619998931884766,17.0,15.869999885559082,32.36000061035156,3.9600000381469727,113.87000274658203,17.739999771118164
2022-04-07,34.2400016784668,17.399999618530273,15.850000381469727,34.040000915527344,3.950000047683716,114.6500015258789,17.670000076293945
2022-04-08,34.849998474121094,16.950000762939453,15.600000381469727,34.209999084472656,4.039999961853027,113.9800033569336,17.030000686645508
2022-04-11,35.06999969482422,17.0,14.880000114440918,33.95000076293945,4.099999904632568,112.56999969482422,16.3799991607666
2022-04-12,35.0,16.68000030517578,14.350000381469727,33.849998474121094,4.0,111.7699966430664,16.649999618530273
2022-04-13,35.16999816894531,16.700000762939453,14.40999984741211,34.56999969482422,4.03000020980835,112.5199966430664,16.850000381469727
2022-04-14,35.20000076293945,16.700000762939453,14.489999771118164,31.270000457763672,3.9700000286102295,111.6500015258789,16.170000076293945
2022-04-18,36.5,16.809999465942383,14.520000457763672,30.719999313354492,3.9600000381469727,111.45999908447266,15.989999771118164
2022-04-19,35.209999084472656,16.799999237060547,14.539999961853027,31.649999618530273,3.9200000762939453,110.91999816894531,16.15999984741211
2022-04-20,35.15999984741211,16.809999465942383,14.6899995803833,31.799999237060547,3.9200000762939453,110.05000305175781,15.979999542236328
2022-04-22,34.43000030517578,16.5,14.359999656677246,30.559999465942383,3.869999885559082,106.75,15.430000305175781
2022-04-25,34.70000076293945,16.100000381469727,14.119999885559082,30.110000610351562,3.9200000762939453,106.76000213623047,15.869999885559082
2022-04-26,33.91999816894531,15.420000076293945,13.609999656677246,30.059999465942383,3.930000066757202,104.27999877929688,15.75
2022-04-27,34.06999969482422,15.239999771118164,13.510000228881836,30.059999465942383,3.890000104904175,105.5199966430664,15.789999961853027
2022-04-28,34.0099983215332,15.079999923706055,13.579999923706055,30.260000228881836,3.9100000858306885,105.86000061035156,15.760000228881836
2022-04-29,33.220001220703125,15.100000381469727,13.300000190734863,30.280000686645508,3.880000114440918,103.4000015258789,15.229999542236328
2022-05-02,32.97999954223633,15.010000228881836,12.800000190734863,29.979999542236328,3.7799999713897705,102.72000122070312,15.510000228881836
2022-05-03,33.65999984741211,15.1899995803833,12.550000190734863,30.25,3.8299999237060547,102.72000122070312,15.760000228881836
2022-05-04,34.63999938964844,15.399999618530273,12.649999618530273,32.06999969482422,3.8399999141693115,104.37999725341797,16.260000228881836
2022-05-05,33.7400016784668,15.170000076293945,12.119999885559082,32.0099983215332,3.799999952316284,101.5,15.170000076293945
2022-05-06,33.849998474121094,15.550000190734863,11.770000457763672,33.060001373291016,3.740000009536743,101.2300033569336,13.239999771118164
2022-05-09,33.939998626708984,15.640000343322754,11.739999771118164,32.15999984741211,3.7300000190734863,99.68000030517578,11.800000190734863
2022-05-10,33.54999923706055,15.640000343322754,11.569999694824219,32.439998626708984,3.880000114440918,99.23999786376953,12.65999984741211
2022-05-11,34.290000915527344,15.529999732971191,11.289999961853027,33.56999969482422,3.8499999046325684,100.63999938964844,12.420000076293945
2022-05-12,35.15999984741211,15.569999694824219,11.899999618530273,33.83000183105469,3.8399999141693115,102.04000091552734,12.1899995803833
2022-05-13,35.11000061035156,15.59000015258789,11.470000267028809,34.27000045776367,3.809999942779541,103.29000091552734,13.359999656677246
2022-05-16,35.11000061035156,15.930000305175781,11.470000267028809,34.61000061035156,3.8499999046325684,104.4000015258789,13.880000114440918
2022-05-17,36.43000030517578,16.110000610351562,11.899999618530273,34.15999984741211,3.9000000953674316,104.9000015258789,13.800000190734863
2022-05-18,35.90999984741211,15.6899995803833,11.550000190734863,33.599998474121094,3.9100000858306885,102.20999908447266,13.460000038146973
2022-05-19,35.70000076293945,15.75,11.8100004196167,34.16999816894531,3.859999895095825,103.08000183105469,12.760000228881836
2022-05-20,37.0,16.049999237060547,12.039999961853027,34.83000183105469,3.890000104904175,104.66000366210938,12.100000381469727
2022-05-23,38.560001373291016,16.100000381469727,12.100000381469727,36.20000076293945,3.9100000858306885,106.76000213623047,12.300000190734863
2022-05-24,37.79999923706055,16.329999923706055,12.020000457763672,31.600000381469727,3.9700000286102295,106.63999938964844,11.84000015258789
2022-05-25,37.56999969482422,15.899999618530273,11.90999984741211,32.04999923706055,4.010000228881836,106.66000366210938,11.619999885559082
2022-05-26,37.459999084472656,16.049999237060547,12.40999984741211,32.130001068115234,3.9800000190734863,108.0199966430664,12.149999618530273
2022-05-27,37.04999923706055,16.209999084472656,12.699999809265137,30.600000381469727,3.9200000762939453,107.9000015258789,12.289999961853027
2022-05-30,36.06999969482422,15.899999618530273,12.800000190734863,29.989999771118164,3.9200000762939453,106.91999816894531,12.15999984741211
2022-05-31,36.619998931884766,16.1200008392334,12.770000457763672,30.059999465942383,3.890000104904175,107.18000030517578,12.130000114440918
2022-06-01,36.689998626708984,15.880000114440918,12.5,30.020000457763672,3.9600000381469727,107.47000122070312,12.050000190734863
2022-06-02,36.720001220703125,15.680000305175781,12.890000343322754,29.760000228881836,4.019999980926514,108.43000030517578,12.760000228881836
2022-06-03,36.209999084472656,15.4399995803833,12.670000076293945,30.280000686645508,3.950000047683716,107.4800033569336,12.479999542236328
2022-06-06,35.7599983215332,15.319999694824219,12.279999732971191,30.299999237060547,3.9000000953674316,106.41999816894531,11.949999809265137
2022-06-07,35.5099983215332,15.25,11.890000343322754,30.65999984741211,3.880000114440918,106.1500015258789,11.720000267028809
2022-06-08,35.189998626708984,15.130000114440918,11.789999961853027,30.510000228881836,3.880000114440918,104.5999984741211,11.630000114440918
2022-06-09,35.13999938964844,15.0,11.949999809265137,30.06999969482422,3.809999942779541,103.68000030517578,11.819999694824219
2022-06-10,34.54999923706055,14.930000305175781,11.65999984741211,29.649999618530273,3.7899999618530273,101.81999969482422,11.149999618530273
2022-06-13,33.7599983215332,14.479999542236328,11.539999961853027,29.270000457763672,3.759999990463257,99.12000274658203,10.050000190734863
2022-06-14,33.52000045776367,14.399999618530273,11.489999771118164,29.600000381469727,3.680000066757202,98.36000061035156,10.09000015258789
2022-06-15,34.04999923706055,14.649999618530273,11.609999656677246,29.079999923706055,3.7100000381469727,99.37999725341797,10.569999694824219
2022-06-17,34.130001068115234,14.399999618530273,11.449999809265137,27.309999465942383,3.6700000762939453,96.20999908447266,10.470000267028809
2022-06-20,34.38999938964844,14.550000190734863,11.550000190734863,27.6200008392334,3.6500000953674316,96.29000091552734,10.520000457763672
2022-06-21,32.97999954223633,14.729999542236328,11.489999771118164,27.06999969482422,3.5799999237060547,96.4000015258789,10.520000457763672
2022-06-22,32.86000061035156,14.350000381469727,11.649999618530273,26.989999771118164,3.6500000953674316,96.02999877929688,10.710000038146973
2022-06-23,32.650001525878906,14.09000015258789,11.579999923706055,26.489999771118164,3.5999999046325684,94.66000366210938,11.380000114440918
2022-06-24,32.459999084472656,14.050000190734863,11.600000381469727,26.290000915527344,3.6700000762939453,95.47000122070312,10.75
2022-06-27,33.130001068115234,14.199999809265137,11.600000381469727,27.979999542236328,3.680000066757202,97.3499984741211,10.710000038146973
2022-06-28,33.25,14.329999923706055,11.270000457763672,28.329999923706055,3.6500000953674316,97.05000305175781,10.569999694824219
2022-06-29,33.08000183105469,13.989999771118164,10.949999809265137,28.079999923706055,3.619999885559082,96.0,10.390000343322754
2022-06-30,33.380001068115234,13.850000381469727,10.960000038146973,27.93000030517578,3.640000104904175,95.0,9.930000305175781
2022-07-01,33.150001525878906,13.859999656677246,11.1899995803833,28.530000686645508,3.5899999141693115,95.62999725341797,9.819999694824219
2022-07-04,33.040000915527344,13.760000228881836,11.079999923706055,29.139999389648438,3.5199999809265137,95.19999694824219,9.600000381469727
2022-07-05,32.86000061035156,13.739999771118164,11.270000457763672,28.030000686645508,3.490000009536743,94.80000305175781,10.430000305175781
2022-07-06,32.650001525878906,13.579999923706055,11.109999656677246,27.670000076293945,3.5399999618530273,95.41999816894531,10.59000015258789
2022-07-07,33.130001068115234,13.579999923706055,11.359999656677246,28.479999542236328,3.509999990463257,97.37999725341797,10.75
2022-07-08,33.45000076293945,13.600000381469727,11.4399995803833,28.799999237060547,3.5,96.87999725341797,10.65999984741211
2022-07-11,32.900001525878906,13.300000190734863,10.770000457763672,28.65999984741211,3.4600000381469727,94.80000305175781,10.079999923706055
2022-07-12,33.0099983215332,13.300000190734863,10.539999961853027,28.229999542236328,3.5299999713897705,94.9000015258789,10.510000228881836
2022-07-13,32.650001525878906,13.100000381469727,10.279999732971191,28.25,3.549999952316284,94.51000213623047,10.630000114440918
2022-07-14,32.61000061035156,12.829999923706055,10.279999732971191,27.489999771118164,3.4800000190734863,92.55000305175781,10.170000076293945
2022-07-15,33.279998779296875,12.899999618530273,10.029999732971191,27.959999084472656,3.509999990463257,93.2699966430664,10.1899995803833
2022-07-18,33.75,13.140000343322754,10.270000457763672,28.600000381469727,3.4200000762939453,93.37000274658203,9.670000076293945
2022-07-19,34.65999984741211,13.600000381469727,10.210000038146973,29.18000030517578,3.4800000190734863,94.69999694824219,9.75
2022-07-20,34.66999816894531,13.449999809265137,10.539999961853027,29.170000076293945,3.4800000190734863,94.94999694824219,10.6899995803833
2022-07-21,34.90999984741211,13.59000015258789,11.010000228881836,29.020000457763672,3.440000057220459,95.3499984741211,10.279999732971191
2022-07-22,34.66999816894531,13.130000114440918,10.720000267028809,29.329999923706055,3.5,95.41999816894531,9.869999885559082
2022-07-25,35.20000076293945,13.3100004196167,10.729999542236328,30.700000762939453,3.5199999809265137,96.75,9.369999885559082
2022-07-26,35.31999969482422,13.359999656677246,10.729999542236328,31.010000228881836,3.5199999809265137,96.1500015258789,8.960000038146973
2022-07-27,35.54999923706055,13.319999694824219,10.880000114440918,31.350000381469727,3.549999952316284,97.83000183105469,9.479999542236328
2022-07-28,36.209999084472656,13.479999542236328,11.260000228881836,32.290000915527344,3.509999990463257,99.0999984741211,9.930000305175781
2022-07-29,35.970001220703125,13.5,11.09000015258789,34.150001525878906,3.5199999809265137,99.30000305175781,9.680000305175781
2022-08-01,35.68000030517578,13.239999771118164,10.869999885559082,33.68000030517578,3.549999952316284,98.55999755859375,9.829999923706055
2022-08-02,36.15999984741211,13.319999694824219,10.800000190734863,33.83000183105469,3.5199999809265137,99.52999877929688,10.079999923706055
2022-08-03,36.40999984741211,13.449999809265137,11.15999984741211,33.849998474121094,3.609999895095825,100.19999694824219,10.789999961853027
2022-08-04,37.099998474121094,13.739999771118164,11.899999618530273,34.209999084472656,3.7200000286102295,102.4800033569336,11.84000015258789
2022-08-05,37.790000915527344,13.84000015258789,12.069999694824219,34.869998931884766,3.5199999809265137,102.73999786376953,11.430000305175781
2022-08-08,38.97999954223633,14.029999732971191,12.449999809265137,36.630001068115234,3.5199999809265137,104.80000305175781,11.579999923706055
2022-08-09,39.630001068115234,14.229999542236328,12.25,37.22999954223633,3.4200000762939453,105.05000305175781,10.880000114440918
2022-08-10,39.970001220703125,14.399999618530273,12.369999885559082,37.11000061035156,3.4700000286102295,106.55999755859375,11.300000190734863
2022-08-11,41.7400016784668,14.350000381469727,12.149999618530273,36.25,3.4200000762939453,105.87999725341797,10.279999732971191
2022-08-12,44.099998474121094,14.40999984741211,13.100000381469727,31.709999084472656,3.4000000953674316,108.63999938964844,10.979999542236328
2022-08-15,42.9900016784668,14.40999984741211,13.199999809265137,31.719999313354492,3.490000009536743,108.97000122070312,11.890000343322754
2022-08-16,43.20000076293945,14.319999694824219,13.119999885559082,32.0099983215332,3.490000009536743,109.76000213623047,11.5600004196167
2022-08-17,42.810001373291016,14.300000190734863,12.869999885559082,32.7599983215332,3.5,109.98999786376953,11.180000305175781
2022-08-18,41.81999969482422,14.399999618530273,12.850000381469727,33.41999816894531,3.5,109.94000244140625,10.8100004196167
2022-08-19,41.04999923706055,14.399999618530273,12.510000228881836,31.729999542236328,3.4800000190734863,107.52999877929688,10.329999923706055
2022-08-22,41.470001220703125,14.260000228881836,12.300000190734863,32.40999984741211,3.490000009536743,106.7300033569336,9.600000381469727
2022-08-23,41.52000045776367,14.210000038146973,12.430000305175781,33.439998626708984,3.4700000286102295,109.0999984741211,10.039999961853027
2022-08-24,40.83000183105469,14.229999542236328,12.460000038146973,33.63999938964844,3.450000047683716,109.18000030517578,10.40999984741211
2022-08-25,41.79999923706055,14.479999542236328,12.770000457763672,33.279998779296875,3.4000000953674316,109.5999984741211,10.930000305175781
2022-08-26,41.59000015258789,14.4399995803833,12.430000305175781,33.63999938964844,3.380000114440918,108.36000061035156,10.5
