High,Low,Open,Close,Volume,Adj Close
10.495238304138184,10.257142066955566,10.304760932922363,10.304760932922363,28777875.0,9.530777931213379
10.380951881408691,10.2380952835083,10.333333015441895,10.304760932922363,34621755.0,9.530777931213379
10.371427536010742,10.190476417541504,10.323808670043945,10.247618675231934,19668075.0,9.477926254272461
10.2380952835083,10.076189994812012,10.219046592712402,10.095237731933594,27316170.0,9.336994171142578
10.323808670043945,9.99047565460205,10.076189994812012,10.180952072143555,28258125.0,9.416267395019531
10.266666412353516,10.047618865966797,10.180952072143555,10.114285469055176,33926655.0,9.354608535766602
10.257142066955566,10.085714340209961,10.180952072143555,10.133333206176758,15542310.0,9.372223854064941
10.161904335021973,9.971427917480469,10.114285469055176,10.095237731933594,22831935.0,9.336994171142578
10.114285469055176,9.952380180358887,10.095237731933594,10.038095474243164,34554555.0,9.284141540527344
10.104761123657227,9.857142448425293,10.009523391723633,9.857142448425293,46410840.0,9.116780281066895
9.933333396911621,9.742856979370117,9.857142448425293,9.761903762817383,30741795.0,9.028696060180664
9.54285717010498,9.257142066955566,9.533332824707031,9.314285278320312,70432005.0,8.614694595336914
10.047618865966797,9.447619438171387,9.447619438171387,10.019046783447266,66907050.0,9.266524314880371
10.114285469055176,9.876190185546875,10.095237731933594,9.923809051513672,40196520.0,9.178439140319824
10.019046783447266,9.580951690673828,9.933333396911621,9.628570556640625,51677640.0,8.905376434326172
9.780952453613281,9.447619438171387,9.638094902038574,9.476189613342285,44608620.0,8.764440536499023
9.666666030883789,9.161904335021973,9.619047164916992,9.161904335021973,43560930.0,8.490827560424805
9.5047607421875,8.876190185546875,9.047618865966797,9.428570747375488,49458990.0,8.737959861755371
9.600000381469727,9.133333206176758,9.380951881408691,9.51428508758545,58243920.0,8.817397117614746
9.933333396911621,9.5047607421875,9.523809432983398,9.723809242248535,60957435.0,9.011575698852539
9.99047565460205,9.714284896850586,9.80952262878418,9.876190185546875,34961640.0,9.15279483795166
9.90476131439209,9.457141876220703,9.685713768005371,9.485713958740234,40170795.0,8.790918350219727
9.733332633972168,9.380951881408691,9.561903953552246,9.571428298950195,30435090.0,8.870355606079102
9.819046974182129,9.457141876220703,9.590476036071777,9.819046974182129,44015580.0,9.113852500915527
9.952380180358887,9.628570556640625,9.876190185546875,9.790475845336914,30078090.0,9.087335586547852
9.790475845336914,9.638094902038574,9.676190376281738,9.714284896850586,19453035.0,9.016613006591797
9.800000190734863,9.619047164916992,9.65714168548584,9.742856979370117,19818750.0,9.043134689331055
9.780952453613281,9.523809432983398,9.714284896850586,9.600000381469727,20497260.0,8.910537719726562
9.885713577270508,9.51428508758545,9.561903953552246,9.876190185546875,27805575.0,9.16689395904541
10.095237731933594,9.828571319580078,9.828571319580078,9.971427917480469,35280000.0,9.255289077758789
10.076189994812012,9.828571319580078,10.038095474243164,9.942856788635254,48712125.0,9.228774070739746
10.047618865966797,9.742856979370117,9.866665840148926,10.019046783447266,31711995.0,9.299490928649902
10.038095474243164,9.771428108215332,9.914284706115723,9.771428108215332,22498350.0,9.069653511047363
9.819046974182129,9.552379608154297,9.80952262878418,9.571428298950195,25004280.0,8.884018898010254
9.771428108215332,9.495238304138184,9.54285717010498,9.771428108215332,26074230.0,9.069653511047363
9.885713577270508,9.685713768005371,9.69523811340332,9.866665840148926,22315125.0,9.175113677978516
9.895237922668457,9.685713768005371,9.790475845336914,9.828571319580078,19315275.0,9.139692306518555
9.971427917480469,9.780952453613281,9.780952453613281,9.971427917480469,23608620.0,9.27253246307373
9.923809051513672,9.685713768005371,9.895237922668457,9.828571319580078,31942050.0,9.139692306518555
9.84761905670166,9.590476036071777,9.84761905670166,9.619047164916992,22706985.0,8.94485092163086
9.75238037109375,9.619047164916992,9.69523811340332,9.742856979370117,19539135.0,9.059981346130371
9.790475845336914,9.628570556640625,9.723809242248535,9.647619247436523,19716585.0,8.971419334411621
9.723809242248535,9.580951690673828,9.638094902038574,9.638094902038574,24241035.0,8.962564468383789
9.666666030883789,9.561903953552246,9.666666030883789,9.609522819519043,25781700.0,8.935997009277344
9.666666030883789,9.54285717010498,9.571428298950195,9.561903953552246,26711685.0,8.89171314239502
9.723809242248535,9.590476036071777,9.600000381469727,9.723809242248535,21324240.0,9.042271614074707
9.75238037109375,9.561903953552246,9.65714168548584,9.704760551452637,33177795.0,9.024556159973145
9.885713577270508,9.628570556640625,9.733332633972168,9.771428108215332,35480445.0,9.086551666259766
9.866665840148926,9.666666030883789,9.780952453613281,9.771428108215332,26749800.0,9.086551666259766
9.876190185546875,9.685713768005371,9.685713768005371,9.80952262878418,19480020.0,9.121975898742676
9.80952262878418,9.647619247436523,9.761903762817383,9.714284896850586,24943695.0,9.03341293334961
9.761903762817383,9.638094902038574,9.69523811340332,9.733332633972168,25587660.0,9.051126480102539
9.771428108215332,9.628570556640625,9.742856979370117,9.733332633972168,29355900.0,9.051126480102539
9.876190185546875,9.714284896850586,9.742856979370117,9.828571319580078,28640850.0,9.139692306518555
9.923809051513672,9.685713768005371,9.838094711303711,9.780952453613281,19986960.0,9.095410346984863
9.80952262878418,9.571428298950195,9.742856979370117,9.571428298950195,25784640.0,8.9005708694458
9.90476131439209,9.666666030883789,9.676190376281738,9.90476131439209,57115905.0,9.230111122131348
9.933333396911621,9.647619247436523,9.895237922668457,9.676190376281738,32254425.0,9.017109870910645
9.733332633972168,9.533332824707031,9.666666030883789,9.580951690673828,45315900.0,8.948063850402832
9.80952262878418,9.590476036071777,9.65714168548584,9.704760551452637,31281180.0,9.063694953918457
9.771428108215332,9.428570747375488,9.771428108215332,9.447619438171387,63105945.0,8.823539733886719
9.733332633972168,9.409523010253906,9.495238304138184,9.723809242248535,36488235.0,9.0814847946167
9.761903762817383,9.609522819519043,9.666666030883789,9.714284896850586,26272155.0,9.072590827941895
9.84761905670166,9.676190376281738,9.723809242248535,9.84761905670166,25292925.0,9.197115898132324
9.952380180358887,9.761903762817383,9.80952262878418,9.952380180358887,32241195.0,9.29495906829834
10.0,9.80952262878418,9.838094711303711,9.952380180358887,31537905.0,9.29495906829834
9.876190185546875,9.723809242248535,9.866665840148926,9.761903762817383,24298575.0,9.117063522338867
10.028571128845215,9.771428108215332,9.771428108215332,9.933333396911621,39846660.0,9.277167320251465
10.180952072143555,9.942856788635254,10.038095474243164,10.133333206176758,34781250.0,9.463956832885742
10.14285659790039,9.952380180358887,10.104761123657227,10.14285659790039,29419950.0,9.472851753234863
10.199999809265137,10.047618865966797,10.047618865966797,10.114285469055176,19844475.0,9.446167945861816
10.228570938110352,9.99047565460205,10.038095474243164,10.228570938110352,22134630.0,9.552903175354004
10.371427536010742,10.180952072143555,10.228570938110352,10.266666412353516,29743140.0,9.588480949401855
10.333333015441895,10.14285659790039,10.276189804077148,10.323808670043945,19534830.0,9.641851425170898
10.380951881408691,10.247618675231934,10.342857360839844,10.342857360839844,27810195.0,9.65964126586914
10.36190414428711,10.219046592712402,10.333333015441895,10.266666412353516,30747150.0,9.604754447937012
10.419047355651855,10.304760932922363,10.314285278320312,10.36190414428711,24154515.0,9.693853378295898
10.36190414428711,10.180952072143555,10.342857360839844,10.228570938110352,61928055.0,9.569116592407227
10.447619438171387,10.20952320098877,10.20952320098877,10.380951881408691,22356180.0,9.729175567626953
10.428570747375488,10.323808670043945,10.380951881408691,10.342857360839844,15990975.0,9.693472862243652
10.733332633972168,10.36190414428711,10.371427536010742,10.733332633972168,41023815.0,10.077991485595703
11.095237731933594,10.704760551452637,10.771428108215332,11.085714340209961,66060645.0,10.408858299255371
11.36190414428711,11.038095474243164,11.038095474243164,11.333333015441895,45533880.0,10.641357421875
11.561903953552246,11.228570938110352,11.304760932922363,11.476189613342285,40784625.0,10.775492668151855
11.447619438171387,11.219046592712402,11.409523010253906,11.371427536010742,38047380.0,10.677125930786133
11.733332633972168,11.2380952835083,11.314285278320312,11.409523010253906,54461085.0,10.712896347045898
11.590476036071777,11.29523754119873,11.476189613342285,11.35237979888916,25924185.0,10.65924072265625
11.342857360839844,11.095237731933594,11.323808670043945,11.171427726745605,22143555.0,10.489337921142578
11.29523754119873,11.133333206176758,11.257142066955566,11.228570938110352,18261810.0,10.542991638183594
11.266666412353516,11.133333206176758,11.228570938110352,11.257142066955566,20196645.0,10.569819450378418
11.485713958740234,11.14285659790039,11.247618675231934,11.36190414428711,57256290.0,10.668184280395508
11.647619247436523,11.161904335021973,11.447619438171387,11.257142066955566,31236240.0,10.569819450378418
11.257142066955566,11.028571128845215,11.20952320098877,11.152379989624023,34071135.0,10.471452713012695
11.247618675231934,11.05714225769043,11.14285659790039,11.180952072143555,22926750.0,10.498281478881836
11.304760932922363,11.009523391723633,11.114285469055176,11.266666412353516,71405880.0,10.57876205444336
11.438095092773438,11.104761123657227,11.266666412353516,11.161904335021973,37877175.0,10.480396270751953
11.247618675231934,11.047618865966797,11.2380952835083,11.199999809265137,24184440.0,10.516165733337402
11.20952320098877,10.866665840148926,11.152379989624023,10.933333396911621,53819010.0,10.265782356262207
10.933333396911621,10.685713768005371,10.933333396911621,10.819046974182129,60929085.0,10.158472061157227
10.80952262878418,10.666666030883789,10.780952453613281,10.761903762817383,26316885.0,10.104818344116211
10.75238037109375,10.619047164916992,10.676190376281738,10.619047164916992,29169525.0,9.970684051513672
10.647619247436523,10.523809432983398,10.619047164916992,10.638094902038574,27338535.0,9.988569259643555
10.75238037109375,10.571428298950195,10.723809242248535,10.69523811340332,26094390.0,10.042222023010254
10.638094902038574,10.54285717010498,10.609522819519043,10.552379608154297,12479985.0,9.908086776733398
10.571428298950195,10.476189613342285,10.523809432983398,10.51428508758545,28582365.0,9.872319221496582
10.704760551452637,10.523809432983398,10.600000381469727,10.69523811340332,22145235.0,10.042222023010254
10.733332633972168,10.485713958740234,10.54285717010498,10.638094902038574,72679635.0,9.988569259643555
10.84761905670166,10.628570556640625,10.685713768005371,10.838094711303711,25700850.0,10.17635726928711
10.857142448425293,10.638094902038574,10.742856979370117,10.800000190734863,35260470.0,10.140586853027344
11.085714340209961,10.800000190734863,10.933333396911621,10.819046974182129,33884655.0,10.158472061157227
10.885713577270508,10.638094902038574,10.80952262878418,10.733332633972168,20611605.0,10.077991485595703
10.771428108215332,10.54285717010498,10.742856979370117,10.580951690673828,21736470.0,9.934915542602539
10.54285717010498,10.39047622680664,10.466666221618652,10.495238304138184,17966445.0,9.854434967041016
10.647619247436523,10.399999618530273,10.447619438171387,10.619047164916992,18416580.0,9.970684051513672
10.685713768005371,10.571428298950195,10.609522819519043,10.685713768005371,12303270.0,10.033281326293945
10.666666030883789,10.5047607421875,10.647619247436523,10.561903953552246,9756285.0,9.91702938079834
10.609522819519043,10.476189613342285,10.54285717010498,10.552379608154297,13149990.0,9.908086776733398
10.704760551452637,10.523809432983398,10.533332824707031,10.647619247436523,13839210.0,9.997509956359863
10.742856979370117,10.571428298950195,10.619047164916992,10.714284896850586,15470070.0,10.060107231140137
11.038095474243164,10.733332633972168,10.780952453613281,11.0,31582950.0,10.328376770019531
10.971427917480469,10.780952453613281,10.942856788635254,10.895237922668457,19688025.0,10.230011940002441
11.0,10.600000381469727,10.790475845336914,10.638094902038574,29802465.0,9.988569259643555
11.038095474243164,10.800000190734863,10.828571319580078,10.84761905670166,41495055.0,10.18529987335205
11.095237731933594,10.704760551452637,11.066665649414062,10.980952262878418,35242725.0,10.310493469238281
10.923809051513672,10.676190376281738,10.90476131439209,10.733332633972168,19561710.0,10.077991485595703
10.914284706115723,10.647619247436523,10.800000190734863,10.761903762817383,28589610.0,10.104818344116211
10.980952262878418,10.714284896850586,10.780952453613281,10.96190357208252,27203085.0,10.292606353759766
11.114285469055176,10.952380180358887,10.971427917480469,11.009523391723633,22052730.0,10.337318420410156
11.104761123657227,10.819046974182129,11.104761123657227,10.923809051513672,25594590.0,10.256836891174316
11.180952072143555,10.819046974182129,10.876190185546875,11.085714340209961,29260980.0,10.408858299255371
11.076189994812012,10.857142448425293,11.028571128845215,10.895237922668457,32190900.0,10.230011940002441
10.971427917480469,10.733332633972168,10.895237922668457,10.96190357208252,30794925.0,10.292606353759766
11.038095474243164,10.771428108215332,10.90476131439209,10.828571319580078,21981540.0,10.200507164001465
10.828571319580078,10.533332824707031,10.790475845336914,10.685713768005371,42072345.0,10.065936088562012
10.952380180358887,10.590476036071777,10.69523811340332,10.714284896850586,64905960.0,10.092850685119629
10.819046974182129,10.54285717010498,10.561903953552246,10.628570556640625,28632870.0,10.012107849121094
10.714284896850586,10.5047607421875,10.600000381469727,10.647619247436523,34885830.0,10.030050277709961
10.761903762817383,10.571428298950195,10.676190376281738,10.69523811340332,26351115.0,10.074908256530762
10.942856788635254,10.714284896850586,10.742856979370117,10.923809051513672,21338625.0,10.290220260620117
10.942856788635254,10.771428108215332,10.838094711303711,10.942856788635254,14002275.0,10.3081636428833
10.923809051513672,10.666666030883789,10.866665840148926,10.666666030883789,22188075.0,10.047991752624512
10.885713577270508,10.628570556640625,10.723809242248535,10.857142448425293,20382390.0,10.227422714233398
10.84761905670166,10.714284896850586,10.819046974182129,10.780952453613281,15387435.0,10.15565013885498
11.038095474243164,10.761903762817383,10.771428108215332,11.009523391723633,49821240.0,10.370964050292969
11.161904335021973,10.99047565460205,11.0,11.104761123657227,23559795.0,10.47880744934082
11.038095474243164,10.733332633972168,11.038095474243164,10.733332633972168,32957610.0,10.128315925598145
10.838094711303711,10.590476036071777,10.790475845336914,10.714284896850586,69572370.0,10.110342979431152
10.971427917480469,10.666666030883789,10.685713768005371,10.914284706115723,41641320.0,10.299067497253418
10.866665840148926,10.342857360839844,10.866665840148926,10.399999618530273,59654700.0,9.813772201538086
10.666666030883789,10.285714149475098,10.438095092773438,10.609522819519043,59683995.0,10.01148509979248
10.733332633972168,10.428570747375488,10.69523811340332,10.457141876220703,22489950.0,9.867692947387695
10.704760551452637,10.495238304138184,10.609522819519043,10.600000381469727,21621180.0,10.0024995803833
10.69523811340332,10.5047607421875,10.619047164916992,10.533332824707031,35926170.0,9.939589500427246
10.590476036071777,10.457141876220703,10.590476036071777,10.533332824707031,22439235.0,9.939589500427246
10.590476036071777,10.39047622680664,10.447619438171387,10.590476036071777,73295355.0,9.993512153625488
10.571428298950195,10.35237979888916,10.561903953552246,10.36190414428711,50403255.0,9.777824401855469
10.266666412353516,10.05714225769043,10.171427726745605,10.180952072143555,57545775.0,9.607072830200195
10.285714149475098,10.133333206176758,10.219046592712402,10.133333206176758,38157735.0,9.562138557434082
10.457141876220703,10.180952072143555,10.2380952835083,10.333333015441895,45081750.0,9.75086498260498
10.733332633972168,10.399999618530273,10.438095092773438,10.600000381469727,52908135.0,10.0024995803833
10.580951690673828,10.447619438171387,10.495238304138184,10.447619438171387,34462995.0,9.858709335327148
10.761903762817383,10.371427536010742,10.476189613342285,10.714284896850586,47597445.0,10.110342979431152
10.876190185546875,10.476189613342285,10.628570556640625,10.5047607421875,68329905.0,9.912628173828125
10.761903762817383,10.495238304138184,10.590476036071777,10.704760551452637,50039955.0,10.101354598999023
10.80952262878418,10.571428298950195,10.780952453613281,10.609522819519043,56119140.0,10.01148509979248
10.923809051513672,10.628570556640625,10.704760551452637,10.876190185546875,37974195.0,10.2631196975708
10.876190185546875,10.533332824707031,10.828571319580078,10.628570556640625,36064245.0,10.029460906982422
10.895237922668457,10.580951690673828,10.666666030883789,10.790475845336914,40803630.0,10.182238578796387
10.828571319580078,10.561903953552246,10.685713768005371,10.828571319580078,38513160.0,10.21818733215332
10.857142448425293,10.600000381469727,10.828571319580078,10.619047164916992,32780370.0,10.020471572875977
10.933333396911621,10.65714168548584,10.666666030883789,10.780952453613281,40194525.0,10.173251152038574
10.838094711303711,10.590476036071777,10.800000190734863,10.619047164916992,31351635.0,10.020471572875977
10.685713768005371,10.457141876220703,10.65714168548584,10.638094902038574,29391705.0,10.038446426391602
10.666666030883789,10.438095092773438,10.590476036071777,10.51428508758545,36903300.0,9.921616554260254
10.714284896850586,10.476189613342285,10.51428508758545,10.714284896850586,33991965.0,10.110342979431152
10.828571319580078,10.51428508758545,10.609522819519043,10.790475845336914,24733800.0,10.182238578796387
10.723809242248535,10.323808670043945,10.723809242248535,10.39047622680664,47046615.0,9.804784774780273
10.666666030883789,10.380951881408691,10.495238304138184,10.609522819519043,29866620.0,10.01148509979248
10.609522819519043,10.190476417541504,10.409523010253906,10.323808670043945,50834070.0,9.741876602172852
10.276189804077148,9.685713768005371,10.276189804077148,10.028571128845215,69169275.0,9.46328067779541
10.247618675231934,10.028571128845215,10.028571128845215,10.161904335021973,23064930.0,9.58909797668457
10.14285659790039,9.923809051513672,10.14285659790039,9.971427917480469,25875465.0,9.409357070922852
10.228570938110352,10.0,10.019046783447266,10.019046783447266,20838720.0,9.454292297363281
10.085714340209961,9.857142448425293,9.980952262878418,9.971427917480469,25045860.0,9.409357070922852
10.095237731933594,9.761903762817383,9.99047565460205,9.761903762817383,33298230.0,9.211644172668457
10.095237731933594,9.819046974182129,9.819046974182129,10.009523391723633,31700235.0,9.445306777954102
10.228570938110352,9.933333396911621,9.942856788635254,10.095237731933594,38137575.0,9.526190757751465
10.180952072143555,9.704760551452637,10.152379989624023,9.761903762817383,38563350.0,9.211644172668457
9.885713577270508,9.54285717010498,9.866665840148926,9.685713768005371,54039720.0,9.139749526977539
9.790475845336914,9.590476036071777,9.676190376281738,9.666666030883789,24566955.0,9.121774673461914
9.761903762817383,9.533332824707031,9.704760551452637,9.561903953552246,26200125.0,9.022918701171875
9.895237922668457,9.54285717010498,9.580951690673828,9.780952453613281,36041565.0,9.229618072509766
9.914284706115723,9.714284896850586,9.866665840148926,9.75238037109375,22340850.0,9.202657699584961
9.885713577270508,9.65714168548584,9.742856979370117,9.742856979370117,20378505.0,9.193669319152832
9.80952262878418,9.523809432983398,9.742856979370117,9.561903953552246,24979710.0,9.022918701171875
9.666666030883789,9.476189613342285,9.619047164916992,9.552379608154297,29892975.0,9.013930320739746
9.600000381469727,9.371427536010742,9.580951690673828,9.485713958740234,33376140.0,8.95102310180664
9.523809432983398,9.39047622680664,9.485713958740234,9.476189613342285,30593010.0,8.942033767700195
9.552379608154297,9.342857360839844,9.5047607421875,9.380951881408691,29014020.0,8.852166175842285
9.5047607421875,9.314285278320312,9.399999618530273,9.466666221618652,22092315.0,8.933049201965332
9.523809432983398,9.266666412353516,9.285714149475098,9.466666221618652,24923010.0,9.074294090270996
9.647619247436523,9.447619438171387,9.447619438171387,9.552379608154297,16689540.0,9.156455039978027
9.419047355651855,9.2380952835083,9.419047355651855,9.36190414428711,27096195.0,8.97387409210205
9.476189613342285,9.314285278320312,9.438095092773438,9.35237979888916,20268465.0,8.964743614196777
9.39047622680664,9.104761123657227,9.35237979888916,9.20952320098877,60708585.0,8.827807426452637
9.419047355651855,9.161904335021973,9.285714149475098,9.161904335021973,32780790.0,8.80358600616455
9.485713958740234,9.247618675231934,9.29523754119873,9.428570747375488,26603115.0,9.059823036193848
9.600000381469727,9.29523754119873,9.409523010253906,9.380951881408691,27459600.0,9.014065742492676
9.609522819519043,9.380951881408691,9.409523010253906,9.495238304138184,24503955.0,9.123882293701172
9.609522819519043,9.380951881408691,9.600000381469727,9.409523010253906,23292885.0,9.041518211364746
9.485713958740234,9.333333015441895,9.447619438171387,9.438095092773438,35746935.0,9.068974494934082
9.466666221618652,9.14285659790039,9.457141876220703,9.219046592712402,20607825.0,8.858490943908691
9.323808670043945,9.152379989624023,9.276189804077148,9.2380952835083,14340690.0,8.876795768737793
9.333333015441895,9.104761123657227,9.266666412353516,9.104761123657227,38207190.0,8.748677253723145
9.36190414428711,9.152379989624023,9.190476417541504,9.152379989624023,32428200.0,8.816131591796875
9.276189804077148,9.066665649414062,9.247618675231934,9.2380952835083,30848685.0,8.898697853088379
9.29523754119873,9.171427726745605,9.276189804077148,9.247618675231934,26776260.0,8.90787124633789
9.219046592712402,9.066665649414062,9.20952320098877,9.085714340209961,34875750.0,8.751914978027344
9.085714340209961,8.895237922668457,9.076189994812012,9.0,27003480.0,8.669350624084473
9.100000381469727,8.890000343322754,9.069999694824219,8.9399995803833,24571100.0,8.611555099487305
8.979999542236328,8.850000381469727,8.930000305175781,8.970000267028809,15136000.0,8.64045238494873
9.020000457763672,8.90999984741211,8.979999542236328,8.989999771118164,12063100.0,8.659716606140137
9.09000015258789,8.960000038146973,9.0,9.09000015258789,15350300.0,8.75604248046875
9.149999618530273,9.029999732971191,9.09000015258789,9.079999923706055,12583800.0,8.74640941619873
9.109999656677246,8.970000267028809,9.079999923706055,9.029999732971191,12898100.0,8.698247909545898
9.0600004196167,8.899999618530273,9.039999961853027,8.930000305175781,23322800.0,8.601922035217285
9.1899995803833,8.920000076293945,9.020000457763672,9.020000457763672,28542600.0,8.688615798950195
9.170000076293945,8.970000267028809,9.029999732971191,9.09000015258789,38831200.0,8.75604248046875
9.109999656677246,8.920000076293945,9.050000190734863,8.989999771118164,34712800.0,8.659716606140137
9.140000343322754,8.9399995803833,8.979999542236328,9.069999694824219,25383800.0,8.736777305603027
9.1899995803833,9.010000228881836,9.069999694824219,9.180000305175781,21446300.0,8.842737197875977
9.220000267028809,9.079999923706055,9.149999618530273,9.180000305175781,21680100.0,8.842737197875977
9.350000381469727,9.100000381469727,9.170000076293945,9.329999923706055,37639700.0,8.987226486206055
9.4399995803833,9.199999809265137,9.34000015258789,9.300000190734863,31059000.0,8.958329200744629
9.59000015258789,9.260000228881836,9.270000457763672,9.5600004196167,41082300.0,9.208776473999023
9.720000267028809,9.579999923706055,9.609999656677246,9.670000076293945,38312800.0,9.31473445892334
9.600000381469727,9.420000076293945,9.479999542236328,9.539999961853027,14593300.0,9.31799602508545
9.710000038146973,9.479999542236328,9.5,9.609999656677246,41689400.0,9.386366844177246
9.710000038146973,9.520000457763672,9.600000381469727,9.619999885559082,27932700.0,9.396136283874512
9.6899995803833,9.569999694824219,9.649999618530273,9.609999656677246,21443500.0,9.386366844177246
9.710000038146973,9.510000228881836,9.59000015258789,9.550000190734863,26819600.0,9.327764511108398
9.619999885559082,9.399999618530273,9.539999961853027,9.5,25390300.0,9.27892780303955
9.779999732971191,9.4399995803833,9.5,9.739999771118164,25848100.0,9.51334285736084
9.899999618530273,9.720000267028809,9.779999732971191,9.84000015258789,29474400.0,9.611016273498535
10.100000381469727,9.869999885559082,9.880000114440918,9.970000267028809,21536900.0,9.737990379333496
10.09000015258789,9.880000114440918,9.9399995803833,10.069999694824219,18859300.0,9.835662841796875
10.260000228881836,10.0,10.050000190734863,10.1899995803833,27757000.0,9.952871322631836
10.260000228881836,10.149999618530273,10.170000076293945,10.210000038146973,14999300.0,9.972405433654785
10.220000267028809,9.989999771118164,10.220000267028809,10.039999961853027,26624900.0,9.806361198425293
10.130000114440918,9.960000038146973,10.069999694824219,10.069999694824219,16903900.0,9.835662841796875
10.3100004196167,9.979999542236328,10.020000457763672,10.270000457763672,31366900.0,10.031010627746582
10.329999923706055,10.130000114440918,10.25,10.130000114440918,19660100.0,9.894268989562988
10.180000305175781,10.039999961853027,10.119999885559082,10.149999618530273,14602200.0,9.913802146911621
10.149999618530273,9.9399995803833,10.130000114440918,9.979999542236328,38067000.0,9.747756958007812
10.130000114440918,9.920000076293945,9.979999542236328,10.09000015258789,29450600.0,9.85519790649414
10.649999618530273,10.359999656677246,10.510000228881836,10.520000457763672,74480600.0,10.275192260742188
10.5600004196167,10.449999809265137,10.539999961853027,10.479999542236328,24244800.0,10.236123085021973
10.649999618530273,10.5,10.5600004196167,10.609999656677246,23564500.0,10.36309814453125
10.6899995803833,10.529999732971191,10.600000381469727,10.579999923706055,25694400.0,10.333795547485352
10.600000381469727,10.449999809265137,10.569999694824219,10.470000267028809,16514200.0,10.22635555267334
10.579999923706055,10.470000267028809,10.510000228881836,10.520000457763672,22173900.0,10.275192260742188
10.529999732971191,10.149999618530273,10.529999732971191,10.210000038146973,24135400.0,9.972405433654785
10.390000343322754,10.130000114440918,10.220000267028809,10.229999542236328,24782200.0,9.991939544677734
10.319999694824219,10.029999732971191,10.25,10.079999923706055,21574000.0,9.845430374145508
9.960000038146973,9.720000267028809,9.880000114440918,9.920000076293945,26045100.0,9.689154624938965
10.029999732971191,9.84000015258789,9.880000114440918,10.020000457763672,28298000.0,9.78682804107666
10.239999771118164,9.899999618530273,10.020000457763672,9.949999809265137,21395400.0,9.760811805725098
10.170000076293945,9.859999656677246,9.979999542236328,9.979999542236328,28365300.0,9.790242195129395
10.0,9.75,10.0,9.869999885559082,22545500.0,9.682334899902344
9.770000457763672,9.510000228881836,9.75,9.550000190734863,28593100.0,9.36841869354248
9.649999618530273,9.420000076293945,9.600000381469727,9.529999732971191,30182700.0,9.348798751831055
10.039999961853027,9.550000190734863,9.579999923706055,10.039999961853027,49616300.0,9.849101066589355
9.949999809265137,9.8100004196167,9.899999618530273,9.920000076293945,18811900.0,9.731383323669434
10.029999732971191,9.75,9.9399995803833,9.819999694824219,18631200.0,9.633284568786621
10.010000228881836,9.84000015258789,9.850000381469727,9.899999618530273,15290100.0,9.711763381958008
9.949999809265137,9.6899995803833,9.899999618530273,9.8100004196167,22949900.0,9.623475074768066
10.0,9.8100004196167,9.850000381469727,9.989999771118164,25126800.0,9.800052642822266
10.329999923706055,9.970000267028809,9.989999771118164,10.260000228881836,35748900.0,10.064919471740723
10.40999984741211,10.229999542236328,10.239999771118164,10.40999984741211,43898700.0,10.212065696716309
10.75,10.350000381469727,10.40999984741211,10.680000305175781,33867700.0,10.476933479309082
10.890000343322754,10.720000267028809,10.720000267028809,10.84000015258789,24944400.0,10.633891105651855
10.869999885559082,10.729999542236328,10.84000015258789,10.800000190734863,15996000.0,10.594651222229004
11.0,10.8100004196167,10.850000381469727,10.920000076293945,20870800.0,10.712369918823242
10.920000076293945,10.670000076293945,10.899999618530273,10.800000190734863,27856200.0,10.70579719543457
10.850000381469727,10.670000076293945,10.800000190734863,10.770000457763672,13548300.0,10.67605972290039
10.970000267028809,10.779999732971191,10.890000343322754,10.850000381469727,14054500.0,10.755361557006836
10.869999885559082,10.720000267028809,10.869999885559082,10.84000015258789,13548100.0,10.74544906616211
10.920000076293945,10.739999771118164,10.859999656677246,10.75,13183900.0,10.656233787536621
10.890000343322754,10.710000038146973,10.8100004196167,10.789999961853027,22969400.0,10.695884704589844
10.819999694824219,10.609999656677246,10.819999694824219,10.720000267028809,18401800.0,10.626496315002441
10.670000076293945,10.34000015258789,10.649999618530273,10.4399995803833,27156300.0,10.34893798828125
10.430000305175781,10.25,10.369999885559082,10.359999656677246,33320000.0,10.269635200500488
10.34000015258789,10.1899995803833,10.34000015258789,10.270000457763672,25848100.0,10.180420875549316
10.3100004196167,10.180000305175781,10.270000457763672,10.270000457763672,10432600.0,10.180420875549316
10.289999961853027,10.15999984741211,10.289999961853027,10.180000305175781,11640800.0,10.091205596923828
10.289999961853027,10.0600004196167,10.279999732971191,10.079999923706055,19920800.0,9.992077827453613
10.1899995803833,10.010000228881836,10.119999885559082,10.09000015258789,21146700.0,10.00199031829834
10.119999885559082,10.010000228881836,10.0600004196167,10.100000381469727,15387100.0,10.011903762817383
10.170000076293945,10.039999961853027,10.079999923706055,10.15999984741211,13150900.0,10.071379661560059
10.180000305175781,9.930000305175781,10.100000381469727,10.050000190734863,19290400.0,9.962340354919434
10.079999923706055,9.970000267028809,10.039999961853027,10.0600004196167,17934500.0,9.97225284576416
10.010000228881836,9.829999923706055,9.960000038146973,9.90999984741211,21183400.0,9.82356071472168
9.920000076293945,9.729999542236328,9.850000381469727,9.880000114440918,22343700.0,9.793822288513184
9.850000381469727,9.380000114440918,9.829999923706055,9.460000038146973,42406300.0,9.377485275268555
9.600000381469727,9.3100004196167,9.520000457763672,9.399999618530273,26816900.0,9.318009376525879
9.420000076293945,9.25,9.40999984741211,9.350000381469727,30444100.0,9.268445014953613
9.550000190734863,9.199999809265137,9.40999984741211,9.210000038146973,33390500.0,9.129666328430176
9.270000457763672,9.0,9.210000038146973,9.149999618530273,40424700.0,9.070189476013184
9.220000267028809,9.069999694824219,9.140000343322754,9.130000114440918,20403000.0,9.05036449432373
9.130000114440918,8.880000114440918,9.069999694824219,9.100000381469727,63334400.0,9.02062702178955
9.039999961853027,8.8100004196167,9.039999961853027,8.869999885559082,34292500.0,8.792632102966309
9.050000190734863,8.859999656677246,8.890000343322754,8.899999618530273,35341700.0,8.822369575500488
8.9399995803833,8.729999542236328,8.880000114440918,8.779999732971191,30162500.0,8.70341682434082
8.90999984741211,8.699999809265137,8.84000015258789,8.720000267028809,23248400.0,8.643940925598145
8.930000305175781,8.729999542236328,8.75,8.90999984741211,41411800.0,8.832283020019531
9.09000015258789,8.859999656677246,8.869999885559082,9.0600004196167,38118300.0,8.980975151062012
9.1899995803833,9.09000015258789,9.109999656677246,9.140000343322754,18615600.0,9.060276985168457
9.279999732971191,9.119999885559082,9.220000267028809,9.239999771118164,22325600.0,9.159404754638672
9.489999771118164,9.319999694824219,9.40999984741211,9.319999694824219,28063000.0,9.238706588745117
9.40999984741211,9.170000076293945,9.350000381469727,9.180000305175781,23735000.0,9.09992790222168
9.289999961853027,9.149999618530273,9.180000305175781,9.25,14470300.0,9.169317245483398
9.40999984741211,9.279999732971191,9.329999923706055,9.369999885559082,22107100.0,9.288269996643066
9.550000190734863,9.390000343322754,9.430000305175781,9.489999771118164,20069200.0,9.40722370147705
9.579999923706055,9.369999885559082,9.470000267028809,9.579999923706055,22899200.0,9.496438980102539
9.609999656677246,9.399999618530273,9.550000190734863,9.420000076293945,19159000.0,9.337834358215332
9.520000457763672,9.390000343322754,9.430000305175781,9.460000038146973,37154100.0,9.377485275268555
9.539999961853027,9.40999984741211,9.489999771118164,9.460000038146973,17497600.0,9.377485275268555
9.529999732971191,9.40999984741211,9.460000038146973,9.4399995803833,14578600.0,9.357659339904785
9.640000343322754,9.460000038146973,9.5,9.59000015258789,40052900.0,9.506352424621582
9.600000381469727,9.460000038146973,9.579999923706055,9.489999771118164,16732100.0,9.430362701416016
9.609999656677246,9.420000076293945,9.529999732971191,9.529999732971191,18727400.0,9.470110893249512
9.529999732971191,9.369999885559082,9.479999542236328,9.390000343322754,12467300.0,9.330991744995117
9.470000267028809,9.34000015258789,9.430000305175781,9.430000305175781,10423100.0,9.370739936828613
9.4399995803833,9.300000190734863,9.369999885559082,9.329999923706055,12784900.0,9.271368026733398
9.350000381469727,9.149999618530273,9.289999961853027,9.199999809265137,11002500.0,9.14218521118164
9.289999961853027,9.069999694824219,9.239999771118164,9.069999694824219,35271000.0,9.013001441955566
9.050000190734863,8.850000381469727,9.010000228881836,8.890000343322754,22070500.0,8.83413314819336
8.850000381469727,8.6899995803833,8.829999923706055,8.75,21768600.0,8.695013046264648
8.84000015258789,8.649999618530273,8.770000457763672,8.720000267028809,14858000.0,8.665202140808105
8.880000114440918,8.739999771118164,8.800000190734863,8.789999961853027,28652100.0,8.734761238098145
8.880000114440918,8.569999694824219,8.710000038146973,8.630000114440918,35504100.0,8.575767517089844
9.010000228881836,8.630000114440918,8.65999984741211,8.899999618530273,20861300.0,8.844069480895996
9.0,8.760000228881836,8.970000267028809,8.819999694824219,17255500.0,8.764573097229004
8.890000343322754,8.739999771118164,8.789999961853027,8.859999656677246,20133300.0,8.8043212890625
8.890000343322754,8.670000076293945,8.859999656677246,8.670000076293945,17764500.0,8.61551570892334
8.770000457763672,8.630000114440918,8.720000267028809,8.630000114440918,11085400.0,8.575767517089844
8.760000228881836,8.649999618530273,8.680000305175781,8.739999771118164,13999000.0,8.685075759887695
8.829999923706055,8.569999694824219,8.789999961853027,8.630000114440918,14007100.0,8.575767517089844
8.729999542236328,8.529999732971191,8.6899995803833,8.539999961853027,16918900.0,8.486332893371582
8.510000228881836,8.3100004196167,8.5,8.34000015258789,34913400.0,8.287590026855469
8.34000015258789,8.199999809265137,8.289999961853027,8.319999694824219,24733300.0,8.267714500427246
8.329999923706055,8.199999809265137,8.319999694824219,8.25,10849200.0,8.198155403137207
8.289999961853027,8.130000114440918,8.199999809265137,8.260000228881836,15529700.0,8.20809268951416
8.34000015258789,8.15999984741211,8.270000457763672,8.25,17022500.0,8.198155403137207
8.430000305175781,8.279999732971191,8.289999961853027,8.34000015258789,23925700.0,8.287590026855469
8.470000267028809,8.329999923706055,8.399999618530273,8.390000343322754,12721300.0,8.337275505065918
8.34000015258789,8.149999618530273,8.319999694824219,8.220000267028809,15953500.0,8.168343544006348
8.279999732971191,8.130000114440918,8.220000267028809,8.199999809265137,12738500.0,8.148468971252441
8.260000228881836,8.100000381469727,8.170000076293945,8.119999885559082,19619700.0,8.068971633911133
8.170000076293945,7.960000038146973,8.069999694824219,8.100000381469727,25198200.0,8.049098014831543
8.390000343322754,8.050000190734863,8.109999656677246,8.350000381469727,28416500.0,8.297527313232422
8.539999961853027,8.279999732971191,8.289999961853027,8.430000305175781,24600600.0,8.37702465057373
8.640000343322754,8.420000076293945,8.479999542236328,8.59000015258789,19393500.0,8.536018371582031
8.59000015258789,8.4399995803833,8.579999923706055,8.460000038146973,16462200.0,8.406835556030273
8.579999923706055,8.380000114440918,8.470000267028809,8.5600004196167,14112500.0,8.506207466125488
8.600000381469727,8.390000343322754,8.579999923706055,8.470000267028809,12107600.0,8.416772842407227
8.59000015258789,8.489999771118164,8.5,8.539999961853027,10114300.0,8.486332893371582
8.609999656677246,8.4399995803833,8.520000457763672,8.520000457763672,9558200.0,8.466458320617676
8.59000015258789,8.489999771118164,8.539999961853027,8.5600004196167,11124200.0,8.506207466125488
8.680000305175781,8.5,8.539999961853027,8.649999618530273,14652600.0,8.595641136169434
8.760000228881836,8.59000015258789,8.649999618530273,8.630000114440918,20172100.0,8.575767517089844
8.680000305175781,8.449999809265137,8.649999618530273,8.539999961853027,21184000.0,8.486332893371582
8.699999809265137,8.510000228881836,8.539999961853027,8.619999885559082,12932600.0,8.56583023071289
8.710000038146973,8.5600004196167,8.609999656677246,8.6899995803833,20804800.0,8.63538932800293
8.9399995803833,8.710000038146973,8.720000267028809,8.890000343322754,25467100.0,8.83413314819336
9.079999923706055,8.84000015258789,8.899999618530273,9.010000228881836,13870400.0,8.95337963104248
9.170000076293945,9.0,9.050000190734863,9.130000114440918,18877800.0,9.072625160217285
9.4399995803833,9.149999618530273,9.25,9.300000190734863,29657600.0,9.241557121276855
9.4399995803833,9.3100004196167,9.350000381469727,9.350000381469727,30818400.0,9.291242599487305
9.4399995803833,9.289999961853027,9.399999618530273,9.319999694824219,16742500.0,9.261430740356445
9.470000267028809,9.359999656677246,9.380000114440918,9.4399995803833,18954500.0,9.38067626953125
9.479999542236328,9.300000190734863,9.390000343322754,9.449999809265137,27050100.0,9.390613555908203
9.539999961853027,9.369999885559082,9.5,9.489999771118164,16570600.0,9.430362701416016
9.550000190734863,9.399999618530273,9.420000076293945,9.5,15578100.0,9.440299987792969
9.5600004196167,9.430000305175781,9.5,9.5,14465400.0,9.440299987792969
9.420000076293945,9.279999732971191,9.399999618530273,9.399999618530273,25191500.0,9.399999618530273
9.369999885559082,9.229999542236328,9.289999961853027,9.319999694824219,28733800.0,9.319999694824219
9.380000114440918,9.239999771118164,9.319999694824219,9.319999694824219,16333200.0,9.319999694824219
9.380000114440918,9.260000228881836,9.279999732971191,9.289999961853027,13191500.0,9.289999961853027
9.40999984741211,9.289999961853027,9.3100004196167,9.380000114440918,13062000.0,9.380000114440918
9.460000038146973,9.300000190734863,9.390000343322754,9.350000381469727,14256700.0,9.350000381469727
